<?xml version="1.0"?>

<!-- trained by Trevor Sherrard -->
<!-- Email: SherrardTr@gmail.com -->
<!-- GitHub: https://github.com/sherrardTr4129 -->

<opencv_storage>
<cascade>
  <stageType>BOOST</stageType>
  <featureType>HAAR</featureType>
  <height>24</height>
  <width>24</width>
  <stageParams>
    <boostType>GAB</boostType>
    <minHitRate>9.9900001287460327e-01</minHitRate>
    <maxFalseAlarm>5.0000000000000000e-01</maxFalseAlarm>
    <weightTrimRate>9.4999999999999996e-01</weightTrimRate>
    <maxDepth>1</maxDepth>
    <maxWeakCount>100</maxWeakCount></stageParams>
  <featureParams>
    <maxCatCount>0</maxCatCount>
    <featSize>1</featSize>
    <mode>ALL</mode></featureParams>
  <stageNum>13</stageNum>
  <stages>
    <!-- stage 0 -->
    <_>
      <maxWeakCount>6</maxWeakCount>
      <stageThreshold>-1.5186387300491333e+00</stageThreshold>
      <weakClassifiers>
        <_>
          <internalNodes>
            0 -1 137 3.1303041614592075e-03</internalNodes>
          <leafValues>
            -5.7462686300277710e-01 8.7773722410202026e-01</leafValues></_>
        <_>
          <internalNodes>
            0 -1 129 7.0222713984549046e-03</internalNodes>
          <leafValues>
            -4.9963793158531189e-01 7.7665245532989502e-01</leafValues></_>
        <_>
          <internalNodes>
            0 -1 90 3.3031129278242588e-03</internalNodes>
          <leafValues>
            -6.7481923103332520e-01 4.4135808944702148e-01</leafValues></_>
        <_>
          <internalNodes>
            0 -1 14 8.0170975998044014e-03</internalNodes>
          <leafValues>
            -4.6203726530075073e-01 5.7244724035263062e-01</leafValues></_>
        <_>
          <internalNodes>
            0 -1 119 2.3112590424716473e-03</internalNodes>
          <leafValues>
            -3.5792380571365356e-01 7.5962996482849121e-01</leafValues></_>
        <_>
          <internalNodes>
            0 -1 79 5.8502913452684879e-04</internalNodes>
          <leafValues>
            -4.0195778012275696e-01 5.5282163619995117e-01</leafValues></_></weakClassifiers></_>
    <!-- stage 1 -->
    <_>
      <maxWeakCount>9</maxWeakCount>
      <stageThreshold>-1.1031069755554199e+00</stageThreshold>
      <weakClassifiers>
        <_>
          <internalNodes>
            0 -1 137 5.9231827035546303e-03</internalNodes>
          <leafValues>
            -3.8876405358314514e-01 8.3762377500534058e-01</leafValues></_>
        <_>
          <internalNodes>
            0 -1 97 3.6344765685498714e-03</internalNodes>
          <leafValues>
            -4.6260038018226624e-01 5.9593135118484497e-01</leafValues></_>
        <_>
          <internalNodes>
            0 -1 21 5.2516153082251549e-03</internalNodes>
          <leafValues>
            -2.9931107163429260e-01 8.3671528100967407e-01</leafValues></_>
        <_>
          <internalNodes>
            0 -1 154 -3.5973950289189816e-03</internalNodes>
          <leafValues>
            8.3334523439407349e-01 -2.3528276383876801e-01</leafValues></_>
        <_>
          <internalNodes>
            0 -1 45 -3.0173359438776970e-02</internalNodes>
          <leafValues>
            7.2323447465896606e-01 -1.6984534263610840e-01</leafValues></_>
        <_>
          <internalNodes>
            0 -1 168 -4.4399253092706203e-03</internalNodes>
          <leafValues>
            5.6324642896652222e-01 -3.0172479152679443e-01</leafValues></_>
        <_>
          <internalNodes>
            0 -1 101 -3.0446532182395458e-03</internalNodes>
          <leafValues>
            7.3884135484695435e-01 -2.3229795694351196e-01</leafValues></_>
        <_>
          <internalNodes>
            0 -1 141 -2.2638547234237194e-03</internalNodes>
          <leafValues>
            7.2367620468139648e-01 -2.1190389990806580e-01</leafValues></_>
        <_>
          <internalNodes>
            0 -1 159 -6.9459245423786342e-05</internalNodes>
          <leafValues>
            -4.7787570953369141e-01 3.3365204930305481e-01</leafValues></_></weakClassifiers></_>
    <!-- stage 2 -->
    <_>
      <maxWeakCount>10</maxWeakCount>
      <stageThreshold>-1.8461718559265137e+00</stageThreshold>
      <weakClassifiers>
        <_>
          <internalNodes>
            0 -1 49 -2.9564918950200081e-03</internalNodes>
          <leafValues>
            7.8202676773071289e-01 -3.7236532568931580e-01</leafValues></_>
        <_>
          <internalNodes>
            0 -1 137 9.0432539582252502e-03</internalNodes>
          <leafValues>
            -2.7284249663352966e-01 8.5989487171173096e-01</leafValues></_>
        <_>
          <internalNodes>
            0 -1 117 3.7528946995735168e-03</internalNodes>
          <leafValues>
            -3.9932063221931458e-01 6.4690184593200684e-01</leafValues></_>
        <_>
          <internalNodes>
            0 -1 18 2.7824160642921925e-03</internalNodes>
          <leafValues>
            -3.0173119902610779e-01 7.6440095901489258e-01</leafValues></_>
        <_>
          <internalNodes>
            0 -1 95 1.4468961162492633e-03</internalNodes>
          <leafValues>
            -2.1030792593955994e-01 7.1395391225814819e-01</leafValues></_>
        <_>
          <internalNodes>
            0 -1 73 -4.6099349856376648e-03</internalNodes>
          <leafValues>
            7.4813050031661987e-01 -2.2825743257999420e-01</leafValues></_>
        <_>
          <internalNodes>
            0 -1 64 -5.2320957183837891e-03</internalNodes>
          <leafValues>
            6.8491470813751221e-01 -2.8696841001510620e-01</leafValues></_>
        <_>
          <internalNodes>
            0 -1 13 -3.0129738152027130e-03</internalNodes>
          <leafValues>
            6.4429891109466553e-01 -2.4756638705730438e-01</leafValues></_>
        <_>
          <internalNodes>
            0 -1 156 7.4601499363780022e-03</internalNodes>
          <leafValues>
            -2.7198526263237000e-01 7.3508387804031372e-01</leafValues></_>
        <_>
          <internalNodes>
            0 -1 155 -2.9892006423324347e-03</internalNodes>
          <leafValues>
            6.9918102025985718e-01 -2.6189595460891724e-01</leafValues></_></weakClassifiers></_>
    <!-- stage 3 -->
    <_>
      <maxWeakCount>14</maxWeakCount>
      <stageThreshold>-1.3029353618621826e+00</stageThreshold>
      <weakClassifiers>
        <_>
          <internalNodes>
            0 -1 137 7.8754471614956856e-03</internalNodes>
          <leafValues>
            -2.3443983495235443e-01 7.7564102411270142e-01</leafValues></_>
        <_>
          <internalNodes>
            0 -1 111 8.1857740879058838e-03</internalNodes>
          <leafValues>
            -3.2064899802207947e-01 7.0568168163299561e-01</leafValues></_>
        <_>
          <internalNodes>
            0 -1 20 3.5284170880913734e-03</internalNodes>
          <leafValues>
            -2.3046623170375824e-01 7.0618146657943726e-01</leafValues></_>
        <_>
          <internalNodes>
            0 -1 99 -9.7090413328260183e-04</internalNodes>
          <leafValues>
            2.9205167293548584e-01 -5.5122017860412598e-01</leafValues></_>
        <_>
          <internalNodes>
            0 -1 87 -5.1374267786741257e-03</internalNodes>
          <leafValues>
            6.6718214750289917e-01 -2.2387099266052246e-01</leafValues></_>
        <_>
          <internalNodes>
            0 -1 109 -2.2952544968575239e-03</internalNodes>
          <leafValues>
            6.9944953918457031e-01 -2.0819875597953796e-01</leafValues></_>
        <_>
          <internalNodes>
            0 -1 176 -1.0901423171162605e-02</internalNodes>
          <leafValues>
            -6.6420048475265503e-01 2.5851812958717346e-01</leafValues></_>
        <_>
          <internalNodes>
            0 -1 104 -1.1366114486008883e-03</internalNodes>
          <leafValues>
            5.1171344518661499e-01 -3.1899720430374146e-01</leafValues></_>
        <_>
          <internalNodes>
            0 -1 152 -2.6930868625640869e-03</internalNodes>
          <leafValues>
            6.7968904972076416e-01 -2.1921667456626892e-01</leafValues></_>
        <_>
          <internalNodes>
            0 -1 81 -4.9359668046236038e-03</internalNodes>
          <leafValues>
            6.2933552265167236e-01 -2.0625451207160950e-01</leafValues></_>
        <_>
          <internalNodes>
            0 -1 65 -3.3231768757104874e-03</internalNodes>
          <leafValues>
            7.1253722906112671e-01 -1.7832943797111511e-01</leafValues></_>
        <_>
          <internalNodes>
            0 -1 61 -3.3086885232478380e-03</internalNodes>
          <leafValues>
            7.6681947708129883e-01 -1.6234160959720612e-01</leafValues></_>
        <_>
          <internalNodes>
            0 -1 7 -4.7744828043505549e-04</internalNodes>
          <leafValues>
            -6.3664835691452026e-01 2.5541341304779053e-01</leafValues></_>
        <_>
          <internalNodes>
            0 -1 41 -4.4533960521221161e-02</internalNodes>
          <leafValues>
            -7.5819796323776245e-01 2.0640695095062256e-01</leafValues></_></weakClassifiers></_>
    <!-- stage 4 -->
    <_>
      <maxWeakCount>16</maxWeakCount>
      <stageThreshold>-1.0966827869415283e+00</stageThreshold>
      <weakClassifiers>
        <_>
          <internalNodes>
            0 -1 89 1.6194457188248634e-02</internalNodes>
          <leafValues>
            -3.1079325079917908e-01 6.5340405702590942e-01</leafValues></_>
        <_>
          <internalNodes>
            0 -1 53 1.3329231180250645e-02</internalNodes>
          <leafValues>
            -4.1191726922988892e-01 5.1873904466629028e-01</leafValues></_>
        <_>
          <internalNodes>
            0 -1 19 4.9865711480379105e-03</internalNodes>
          <leafValues>
            -1.8138529360294342e-01 8.0641090869903564e-01</leafValues></_>
        <_>
          <internalNodes>
            0 -1 152 -2.7236687019467354e-03</internalNodes>
          <leafValues>
            6.1592262983322144e-01 -2.6346990466117859e-01</leafValues></_>
        <_>
          <internalNodes>
            0 -1 136 3.7981539499014616e-03</internalNodes>
          <leafValues>
            -2.2273539006710052e-01 5.4104912281036377e-01</leafValues></_>
        <_>
          <internalNodes>
            0 -1 91 -2.7876305393874645e-03</internalNodes>
          <leafValues>
            5.8949458599090576e-01 -2.2375211119651794e-01</leafValues></_>
        <_>
          <internalNodes>
            0 -1 28 3.5313762724399567e-02</internalNodes>
          <leafValues>
            1.9075134396553040e-01 -8.2389181852340698e-01</leafValues></_>
        <_>
          <internalNodes>
            0 -1 106 3.6986623890697956e-03</internalNodes>
          <leafValues>
            -2.2435159981250763e-01 6.9033384323120117e-01</leafValues></_>
        <_>
          <internalNodes>
            0 -1 79 2.5131888687610626e-03</internalNodes>
          <leafValues>
            -1.7807754874229431e-01 6.6400247812271118e-01</leafValues></_>
        <_>
          <internalNodes>
            0 -1 58 -1.0191296227276325e-02</internalNodes>
          <leafValues>
            -5.8619987964630127e-01 2.6052582263946533e-01</leafValues></_>
        <_>
          <internalNodes>
            0 -1 170 -3.3521214500069618e-03</internalNodes>
          <leafValues>
            6.9445508718490601e-01 -1.9244810938835144e-01</leafValues></_>
        <_>
          <internalNodes>
            0 -1 114 4.6318979002535343e-04</internalNodes>
          <leafValues>
            2.6720631122589111e-01 -4.5836296677589417e-01</leafValues></_>
        <_>
          <internalNodes>
            0 -1 72 2.2199507802724838e-03</internalNodes>
          <leafValues>
            -2.2108101844787598e-01 5.7790631055831909e-01</leafValues></_>
        <_>
          <internalNodes>
            0 -1 70 2.7951176743954420e-03</internalNodes>
          <leafValues>
            -1.6905303299427032e-01 6.9553327560424805e-01</leafValues></_>
        <_>
          <internalNodes>
            0 -1 66 -2.4569202214479446e-02</internalNodes>
          <leafValues>
            -6.6331571340560913e-01 2.4045735597610474e-01</leafValues></_>
        <_>
          <internalNodes>
            0 -1 172 -3.0611907131969929e-03</internalNodes>
          <leafValues>
            5.4344087839126587e-01 -2.2839468717575073e-01</leafValues></_></weakClassifiers></_>
    <!-- stage 5 -->
    <_>
      <maxWeakCount>14</maxWeakCount>
      <stageThreshold>-1.4238374233245850e+00</stageThreshold>
      <weakClassifiers>
        <_>
          <internalNodes>
            0 -1 158 7.6699038036167622e-03</internalNodes>
          <leafValues>
            -4.0557274222373962e-01 6.0765552520751953e-01</leafValues></_>
        <_>
          <internalNodes>
            0 -1 29 -6.1890333890914917e-03</internalNodes>
          <leafValues>
            7.2325515747070312e-01 -2.0751450955867767e-01</leafValues></_>
        <_>
          <internalNodes>
            0 -1 112 -4.8504834994673729e-03</internalNodes>
          <leafValues>
            5.8878195285797119e-01 -2.3731641471385956e-01</leafValues></_>
        <_>
          <internalNodes>
            0 -1 31 5.7606664486229420e-03</internalNodes>
          <leafValues>
            -2.1219351887702942e-01 7.2066026926040649e-01</leafValues></_>
        <_>
          <internalNodes>
            0 -1 86 4.1763784247450531e-04</internalNodes>
          <leafValues>
            -4.1832181811332703e-01 2.8771176934242249e-01</leafValues></_>
        <_>
          <internalNodes>
            0 -1 75 -2.5167148560285568e-03</internalNodes>
          <leafValues>
            3.9786371588706970e-01 -3.1418716907501221e-01</leafValues></_>
        <_>
          <internalNodes>
            0 -1 177 5.8223092928528786e-03</internalNodes>
          <leafValues>
            -1.6195569932460785e-01 6.2241369485855103e-01</leafValues></_>
        <_>
          <internalNodes>
            0 -1 6 4.0209980215877295e-04</internalNodes>
          <leafValues>
            1.9087272882461548e-01 -5.4233586788177490e-01</leafValues></_>
        <_>
          <internalNodes>
            0 -1 122 -2.5692012161016464e-02</internalNodes>
          <leafValues>
            -8.7542957067489624e-01 1.2934032082557678e-01</leafValues></_>
        <_>
          <internalNodes>
            0 -1 164 -4.8428247682750225e-03</internalNodes>
          <leafValues>
            6.2723475694656372e-01 -2.0941674709320068e-01</leafValues></_>
        <_>
          <internalNodes>
            0 -1 181 5.3991557797417045e-04</internalNodes>
          <leafValues>
            1.8323983252048492e-01 -6.7025142908096313e-01</leafValues></_>
        <_>
          <internalNodes>
            0 -1 23 4.3083019554615021e-03</internalNodes>
          <leafValues>
            -1.9128997623920441e-01 5.8571887016296387e-01</leafValues></_>
        <_>
          <internalNodes>
            0 -1 107 -3.6650146357715130e-03</internalNodes>
          <leafValues>
            6.9342243671417236e-01 -1.6734324395656586e-01</leafValues></_>
        <_>
          <internalNodes>
            0 -1 93 2.7905006427317858e-03</internalNodes>
          <leafValues>
            -3.7883254885673523e-01 3.6710190773010254e-01</leafValues></_></weakClassifiers></_>
    <!-- stage 6 -->
    <_>
      <maxWeakCount>16</maxWeakCount>
      <stageThreshold>-1.2107163667678833e+00</stageThreshold>
      <weakClassifiers>
        <_>
          <internalNodes>
            0 -1 116 2.2665992379188538e-02</internalNodes>
          <leafValues>
            -1.6297787427902222e-01 7.3068434000015259e-01</leafValues></_>
        <_>
          <internalNodes>
            0 -1 34 1.9954605028033257e-02</internalNodes>
          <leafValues>
            -2.5714898109436035e-01 5.4626417160034180e-01</leafValues></_>
        <_>
          <internalNodes>
            0 -1 146 6.7499559372663498e-03</internalNodes>
          <leafValues>
            -1.4184921979904175e-01 8.0571508407592773e-01</leafValues></_>
        <_>
          <internalNodes>
            0 -1 142 -7.2760204784572124e-03</internalNodes>
          <leafValues>
            6.8617397546768188e-01 -2.7940925955772400e-01</leafValues></_>
        <_>
          <internalNodes>
            0 -1 94 6.5550236031413078e-03</internalNodes>
          <leafValues>
            -3.8716936111450195e-01 3.4526452422142029e-01</leafValues></_>
        <_>
          <internalNodes>
            0 -1 85 -4.2853178456425667e-03</internalNodes>
          <leafValues>
            6.7656570672988892e-01 -1.6136166453361511e-01</leafValues></_>
        <_>
          <internalNodes>
            0 -1 166 5.0760782323777676e-04</internalNodes>
          <leafValues>
            -2.8311058878898621e-01 3.6849066615104675e-01</leafValues></_>
        <_>
          <internalNodes>
            0 -1 76 7.3850422631949186e-04</internalNodes>
          <leafValues>
            -4.5948591828346252e-01 2.2245748341083527e-01</leafValues></_>
        <_>
          <internalNodes>
            0 -1 38 -1.4460550155490637e-03</internalNodes>
          <leafValues>
            -5.5618870258331299e-01 1.7106205224990845e-01</leafValues></_>
        <_>
          <internalNodes>
            0 -1 59 9.7772423177957535e-03</internalNodes>
          <leafValues>
            -2.5475031137466431e-01 4.1329583525657654e-01</leafValues></_>
        <_>
          <internalNodes>
            0 -1 133 -4.7408684622496367e-04</internalNodes>
          <leafValues>
            2.8921726346015930e-01 -3.6458083987236023e-01</leafValues></_>
        <_>
          <internalNodes>
            0 -1 180 -2.7788532897830009e-03</internalNodes>
          <leafValues>
            7.2087287902832031e-01 -1.7921972274780273e-01</leafValues></_>
        <_>
          <internalNodes>
            0 -1 92 3.1897197477519512e-03</internalNodes>
          <leafValues>
            -3.6567631363868713e-01 3.2077834010124207e-01</leafValues></_>
        <_>
          <internalNodes>
            0 -1 61 4.4654477387666702e-03</internalNodes>
          <leafValues>
            -1.5441809594631195e-01 7.6314955949783325e-01</leafValues></_>
        <_>
          <internalNodes>
            0 -1 26 -5.7676970027387142e-04</internalNodes>
          <leafValues>
            -4.8362401127815247e-01 2.2580450773239136e-01</leafValues></_>
        <_>
          <internalNodes>
            0 -1 62 -6.3595967367291451e-03</internalNodes>
          <leafValues>
            5.7742422819137573e-01 -1.7862096428871155e-01</leafValues></_></weakClassifiers></_>
    <!-- stage 7 -->
    <_>
      <maxWeakCount>15</maxWeakCount>
      <stageThreshold>-1.0473073720932007e+00</stageThreshold>
      <weakClassifiers>
        <_>
          <internalNodes>
            0 -1 137 6.5430197864770889e-03</internalNodes>
          <leafValues>
            -2.3276983201503754e-01 6.0035365819931030e-01</leafValues></_>
        <_>
          <internalNodes>
            0 -1 16 1.6405537724494934e-02</internalNodes>
          <leafValues>
            -2.9504927992820740e-01 4.8532778024673462e-01</leafValues></_>
        <_>
          <internalNodes>
            0 -1 129 6.4768176525831223e-03</internalNodes>
          <leafValues>
            -4.4342371821403503e-01 2.7049824595451355e-01</leafValues></_>
        <_>
          <internalNodes>
            0 -1 130 -3.1452958937734365e-03</internalNodes>
          <leafValues>
            6.0814315080642700e-01 -1.9761738181114197e-01</leafValues></_>
        <_>
          <internalNodes>
            0 -1 142 1.0452860966324806e-02</internalNodes>
          <leafValues>
            -1.8928220868110657e-01 6.9947576522827148e-01</leafValues></_>
        <_>
          <internalNodes>
            0 -1 159 2.2326019825413823e-04</internalNodes>
          <leafValues>
            2.8645679354667664e-01 -5.0924521684646606e-01</leafValues></_>
        <_>
          <internalNodes>
            0 -1 159 -7.0531357778236270e-05</internalNodes>
          <leafValues>
            -4.6483764052391052e-01 2.4635803699493408e-01</leafValues></_>
        <_>
          <internalNodes>
            0 -1 59 9.4878766685724258e-03</internalNodes>
          <leafValues>
            -3.0756035447120667e-01 3.9636462926864624e-01</leafValues></_>
        <_>
          <internalNodes>
            0 -1 42 -3.3285941928625107e-02</internalNodes>
          <leafValues>
            -6.4228141307830811e-01 1.6410243511199951e-01</leafValues></_>
        <_>
          <internalNodes>
            0 -1 131 2.9297656146809459e-04</internalNodes>
          <leafValues>
            -5.0525021553039551e-01 2.0515605807304382e-01</leafValues></_>
        <_>
          <internalNodes>
            0 -1 46 1.0401668027043343e-02</internalNodes>
          <leafValues>
            -1.8865272402763367e-01 5.4157590866088867e-01</leafValues></_>
        <_>
          <internalNodes>
            0 -1 173 -6.9907223805785179e-03</internalNodes>
          <leafValues>
            7.7405083179473877e-01 -1.4425389468669891e-01</leafValues></_>
        <_>
          <internalNodes>
            0 -1 40 2.2190015017986298e-01</internalNodes>
          <leafValues>
            1.4980101585388184e-01 -8.2667589187622070e-01</leafValues></_>
        <_>
          <internalNodes>
            0 -1 145 -3.7013546098023653e-03</internalNodes>
          <leafValues>
            5.0654190778732300e-01 -2.0813150703907013e-01</leafValues></_>
        <_>
          <internalNodes>
            0 -1 143 2.0391955971717834e-02</internalNodes>
          <leafValues>
            1.6523468494415283e-01 -6.9820135831832886e-01</leafValues></_></weakClassifiers></_>
    <!-- stage 8 -->
    <_>
      <maxWeakCount>19</maxWeakCount>
      <stageThreshold>-9.5260626077651978e-01</stageThreshold>
      <weakClassifiers>
        <_>
          <internalNodes>
            0 -1 12 2.7263464406132698e-02</internalNodes>
          <leafValues>
            -1.4649681746959686e-01 6.6597074270248413e-01</leafValues></_>
        <_>
          <internalNodes>
            0 -1 112 -5.5694496259093285e-03</internalNodes>
          <leafValues>
            6.0178679227828979e-01 -2.2549042105674744e-01</leafValues></_>
        <_>
          <internalNodes>
            0 -1 150 3.9256941527128220e-03</internalNodes>
          <leafValues>
            -2.4941037595272064e-01 5.2445894479751587e-01</leafValues></_>
        <_>
          <internalNodes>
            0 -1 154 -1.9855564460158348e-03</internalNodes>
          <leafValues>
            4.9741777777671814e-01 -3.3962622284889221e-01</leafValues></_>
        <_>
          <internalNodes>
            0 -1 140 1.5722133219242096e-02</internalNodes>
          <leafValues>
            -1.5272437036037445e-01 7.5264823436737061e-01</leafValues></_>
        <_>
          <internalNodes>
            0 -1 174 4.4223287841305137e-04</internalNodes>
          <leafValues>
            -5.3209209442138672e-01 2.3492091894149780e-01</leafValues></_>
        <_>
          <internalNodes>
            0 -1 105 4.1955304332077503e-03</internalNodes>
          <leafValues>
            -1.3746964931488037e-01 6.7730402946472168e-01</leafValues></_>
        <_>
          <internalNodes>
            0 -1 96 -5.2897478453814983e-03</internalNodes>
          <leafValues>
            6.7842411994934082e-01 -1.6103971004486084e-01</leafValues></_>
        <_>
          <internalNodes>
            0 -1 144 6.0796694015152752e-05</internalNodes>
          <leafValues>
            2.1269249916076660e-01 -5.1366162300109863e-01</leafValues></_>
        <_>
          <internalNodes>
            0 -1 128 -1.8128966912627220e-02</internalNodes>
          <leafValues>
            6.4827960729598999e-01 -1.4798417687416077e-01</leafValues></_>
        <_>
          <internalNodes>
            0 -1 157 4.9840321298688650e-04</internalNodes>
          <leafValues>
            1.6366589069366455e-01 -6.2363898754119873e-01</leafValues></_>
        <_>
          <internalNodes>
            0 -1 0 -6.5533962333574891e-04</internalNodes>
          <leafValues>
            -5.0488471984863281e-01 1.9078505039215088e-01</leafValues></_>
        <_>
          <internalNodes>
            0 -1 161 5.8404570445418358e-03</internalNodes>
          <leafValues>
            -3.6113429069519043e-01 2.3778325319290161e-01</leafValues></_>
        <_>
          <internalNodes>
            0 -1 51 1.9335653632879257e-03</internalNodes>
          <leafValues>
            -3.3408507704734802e-01 2.9538580775260925e-01</leafValues></_>
        <_>
          <internalNodes>
            0 -1 135 4.0772543288767338e-03</internalNodes>
          <leafValues>
            -3.6488425731658936e-01 2.7527019381523132e-01</leafValues></_>
        <_>
          <internalNodes>
            0 -1 148 5.4966083553154022e-05</internalNodes>
          <leafValues>
            -3.5638055205345154e-01 2.5010097026824951e-01</leafValues></_>
        <_>
          <internalNodes>
            0 -1 54 -2.8403636068105698e-02</internalNodes>
          <leafValues>
            -6.6634315252304077e-01 1.4391227066516876e-01</leafValues></_>
        <_>
          <internalNodes>
            0 -1 151 -1.8503587925806642e-03</internalNodes>
          <leafValues>
            3.6202538013458252e-01 -2.8279784321784973e-01</leafValues></_>
        <_>
          <internalNodes>
            0 -1 124 1.5426987374667078e-05</internalNodes>
          <leafValues>
            -4.3170818686485291e-01 2.6662749052047729e-01</leafValues></_></weakClassifiers></_>
    <!-- stage 9 -->
    <_>
      <maxWeakCount>19</maxWeakCount>
      <stageThreshold>-1.1936912536621094e+00</stageThreshold>
      <weakClassifiers>
        <_>
          <internalNodes>
            0 -1 27 1.7526678740978241e-02</internalNodes>
          <leafValues>
            -2.1485410630702972e-01 5.7766145467758179e-01</leafValues></_>
        <_>
          <internalNodes>
            0 -1 44 -4.2186025530099869e-03</internalNodes>
          <leafValues>
            3.7876117229461670e-01 -3.8159918785095215e-01</leafValues></_>
        <_>
          <internalNodes>
            0 -1 82 -9.3746036291122437e-03</internalNodes>
          <leafValues>
            6.1348354816436768e-01 -1.7258425056934357e-01</leafValues></_>
        <_>
          <internalNodes>
            0 -1 29 -9.2579126358032227e-03</internalNodes>
          <leafValues>
            7.1281921863555908e-01 -1.8638408184051514e-01</leafValues></_>
        <_>
          <internalNodes>
            0 -1 88 1.3397438451647758e-03</internalNodes>
          <leafValues>
            -4.8309972882270813e-01 2.2196720540523529e-01</leafValues></_>
        <_>
          <internalNodes>
            0 -1 103 -4.0627963608130813e-04</internalNodes>
          <leafValues>
            -4.5835474133491516e-01 2.2808860242366791e-01</leafValues></_>
        <_>
          <internalNodes>
            0 -1 121 -5.7632811367511749e-03</internalNodes>
          <leafValues>
            4.6014901995658875e-01 -2.4457658827304840e-01</leafValues></_>
        <_>
          <internalNodes>
            0 -1 169 -2.5505302473902702e-03</internalNodes>
          <leafValues>
            3.4901589155197144e-01 -3.0081701278686523e-01</leafValues></_>
        <_>
          <internalNodes>
            0 -1 182 7.0345017593353987e-04</internalNodes>
          <leafValues>
            1.5618519484996796e-01 -6.8747580051422119e-01</leafValues></_>
        <_>
          <internalNodes>
            0 -1 48 -4.0499046444892883e-02</internalNodes>
          <leafValues>
            -5.5549341440200806e-01 1.5786661207675934e-01</leafValues></_>
        <_>
          <internalNodes>
            0 -1 175 2.4151969701051712e-03</internalNodes>
          <leafValues>
            -1.6737759113311768e-01 6.3138395547866821e-01</leafValues></_>
        <_>
          <internalNodes>
            0 -1 125 8.1994971260428429e-03</internalNodes>
          <leafValues>
            -1.0911293327808380e-01 7.3938608169555664e-01</leafValues></_>
        <_>
          <internalNodes>
            0 -1 74 5.6741917505860329e-03</internalNodes>
          <leafValues>
            -1.6105782985687256e-01 5.4966467618942261e-01</leafValues></_>
        <_>
          <internalNodes>
            0 -1 179 3.5367379896342754e-03</internalNodes>
          <leafValues>
            -1.2844732403755188e-01 6.0658323764801025e-01</leafValues></_>
        <_>
          <internalNodes>
            0 -1 98 -3.7247419822961092e-04</internalNodes>
          <leafValues>
            -5.3910142183303833e-01 1.8764807283878326e-01</leafValues></_>
        <_>
          <internalNodes>
            0 -1 39 -3.6060318350791931e-02</internalNodes>
          <leafValues>
            -7.5620740652084351e-01 9.1136254370212555e-02</leafValues></_>
        <_>
          <internalNodes>
            0 -1 65 -2.3740381002426147e-03</internalNodes>
          <leafValues>
            4.2092385888099670e-01 -2.0580786466598511e-01</leafValues></_>
        <_>
          <internalNodes>
            0 -1 139 -2.5378235150128603e-03</internalNodes>
          <leafValues>
            6.1924928426742554e-01 -1.1960385739803314e-01</leafValues></_>
        <_>
          <internalNodes>
            0 -1 52 -5.6893352419137955e-02</internalNodes>
          <leafValues>
            -6.2201017141342163e-01 1.4353583753108978e-01</leafValues></_></weakClassifiers></_>
    <!-- stage 10 -->
    <_>
      <maxWeakCount>22</maxWeakCount>
      <stageThreshold>-1.0339732170104980e+00</stageThreshold>
      <weakClassifiers>
        <_>
          <internalNodes>
            0 -1 30 -2.3447882384061813e-02</internalNodes>
          <leafValues>
            7.4827110767364502e-01 -3.4834325313568115e-02</leafValues></_>
        <_>
          <internalNodes>
            0 -1 123 -1.3030637055635452e-02</internalNodes>
          <leafValues>
            3.7307092547416687e-01 -3.0628976225852966e-01</leafValues></_>
        <_>
          <internalNodes>
            0 -1 132 -2.2670702310279012e-04</internalNodes>
          <leafValues>
            -5.4063844680786133e-01 2.1336092054843903e-01</leafValues></_>
        <_>
          <internalNodes>
            0 -1 134 2.3576756939291954e-03</internalNodes>
          <leafValues>
            -2.9558762907981873e-01 4.2206948995590210e-01</leafValues></_>
        <_>
          <internalNodes>
            0 -1 15 -3.4856526181101799e-03</internalNodes>
          <leafValues>
            5.6001615524291992e-01 -2.1446812152862549e-01</leafValues></_>
        <_>
          <internalNodes>
            0 -1 25 4.7459146007895470e-03</internalNodes>
          <leafValues>
            -2.1826696395874023e-01 4.5041117072105408e-01</leafValues></_>
        <_>
          <internalNodes>
            0 -1 3 6.7724281689152122e-04</internalNodes>
          <leafValues>
            2.1159604191780090e-01 -4.3312054872512817e-01</leafValues></_>
        <_>
          <internalNodes>
            0 -1 167 4.3194447644054890e-03</internalNodes>
          <leafValues>
            -3.0930748581886292e-01 2.7164426445960999e-01</leafValues></_>
        <_>
          <internalNodes>
            0 -1 17 1.2555769644677639e-03</internalNodes>
          <leafValues>
            -3.4297445416450500e-01 2.6796585321426392e-01</leafValues></_>
        <_>
          <internalNodes>
            0 -1 100 8.6327895522117615e-02</internalNodes>
          <leafValues>
            9.6697263419628143e-02 -8.6697930097579956e-01</leafValues></_>
        <_>
          <internalNodes>
            0 -1 10 -4.2636422440409660e-03</internalNodes>
          <leafValues>
            -5.7141190767288208e-01 1.3014900684356689e-01</leafValues></_>
        <_>
          <internalNodes>
            0 -1 22 3.2182005234062672e-03</internalNodes>
          <leafValues>
            -1.6324377059936523e-01 5.2568471431732178e-01</leafValues></_>
        <_>
          <internalNodes>
            0 -1 183 -2.0486656576395035e-03</internalNodes>
          <leafValues>
            -6.3689929246902466e-01 1.2320006638765335e-01</leafValues></_>
        <_>
          <internalNodes>
            0 -1 24 -2.8814389370381832e-03</internalNodes>
          <leafValues>
            5.1713722944259644e-01 -1.5646106004714966e-01</leafValues></_>
        <_>
          <internalNodes>
            0 -1 68 -4.2978432029485703e-03</internalNodes>
          <leafValues>
            5.9515762329101562e-01 -1.2451487034559250e-01</leafValues></_>
        <_>
          <internalNodes>
            0 -1 71 1.2365785427391529e-02</internalNodes>
          <leafValues>
            -1.4061819016933441e-01 5.2894842624664307e-01</leafValues></_>
        <_>
          <internalNodes>
            0 -1 9 -1.8668626435101032e-03</internalNodes>
          <leafValues>
            -6.4108520746231079e-01 1.4135719835758209e-01</leafValues></_>
        <_>
          <internalNodes>
            0 -1 5 9.4385325908660889e-02</internalNodes>
          <leafValues>
            -2.0693877339363098e-01 4.2113149166107178e-01</leafValues></_>
        <_>
          <internalNodes>
            0 -1 1 -4.7434138832613826e-04</internalNodes>
          <leafValues>
            -4.0737876296043396e-01 1.9192939996719360e-01</leafValues></_>
        <_>
          <internalNodes>
            0 -1 60 -3.5950574092566967e-03</internalNodes>
          <leafValues>
            3.9620900154113770e-01 -2.0327426493167877e-01</leafValues></_>
        <_>
          <internalNodes>
            0 -1 118 -1.4705280591442715e-05</internalNodes>
          <leafValues>
            2.0582143962383270e-01 -4.0169999003410339e-01</leafValues></_>
        <_>
          <internalNodes>
            0 -1 83 2.1884124726057053e-03</internalNodes>
          <leafValues>
            -1.9592428207397461e-01 4.1531968116760254e-01</leafValues></_></weakClassifiers></_>
    <!-- stage 11 -->
    <_>
      <maxWeakCount>27</maxWeakCount>
      <stageThreshold>-1.2437137365341187e+00</stageThreshold>
      <weakClassifiers>
        <_>
          <internalNodes>
            0 -1 115 1.1438994668424129e-02</internalNodes>
          <leafValues>
            -1.2775330245494843e-01 6.2096774578094482e-01</leafValues></_>
        <_>
          <internalNodes>
            0 -1 57 1.4618717133998871e-02</internalNodes>
          <leafValues>
            -3.0805814266204834e-01 3.4190094470977783e-01</leafValues></_>
        <_>
          <internalNodes>
            0 -1 43 1.8626183271408081e-02</internalNodes>
          <leafValues>
            -1.8213032186031342e-01 4.8964500427246094e-01</leafValues></_>
        <_>
          <internalNodes>
            0 -1 102 -3.4919887548312545e-04</internalNodes>
          <leafValues>
            -5.1552838087081909e-01 1.9525019824504852e-01</leafValues></_>
        <_>
          <internalNodes>
            0 -1 142 -1.0144533589482307e-02</internalNodes>
          <leafValues>
            5.1509302854537964e-01 -1.8336486816406250e-01</leafValues></_>
        <_>
          <internalNodes>
            0 -1 50 1.1324677616357803e-02</internalNodes>
          <leafValues>
            -1.0922817140817642e-01 7.4725425243377686e-01</leafValues></_>
        <_>
          <internalNodes>
            0 -1 2 -3.3880062401294708e-03</internalNodes>
          <leafValues>
            -4.6785971522331238e-01 1.6858521103858948e-01</leafValues></_>
        <_>
          <internalNodes>
            0 -1 171 -4.4827703386545181e-03</internalNodes>
          <leafValues>
            5.6430363655090332e-01 -1.2720264494419098e-01</leafValues></_>
        <_>
          <internalNodes>
            0 -1 126 -7.8125940635800362e-03</internalNodes>
          <leafValues>
            4.7765409946441650e-01 -1.4305740594863892e-01</leafValues></_>
        <_>
          <internalNodes>
            0 -1 129 2.9897727072238922e-03</internalNodes>
          <leafValues>
            -4.3100655078887939e-01 2.0903702080249786e-01</leafValues></_>
        <_>
          <internalNodes>
            0 -1 132 4.9031793605536222e-04</internalNodes>
          <leafValues>
            2.1361576020717621e-01 -4.9411198496818542e-01</leafValues></_>
        <_>
          <internalNodes>
            0 -1 96 -6.4077135175466537e-03</internalNodes>
          <leafValues>
            6.3278436660766602e-01 -1.3189312815666199e-01</leafValues></_>
        <_>
          <internalNodes>
            0 -1 56 -7.3447264730930328e-03</internalNodes>
          <leafValues>
            4.3932428956031799e-01 -1.5971800684928894e-01</leafValues></_>
        <_>
          <internalNodes>
            0 -1 108 -1.0834462009370327e-03</internalNodes>
          <leafValues>
            -5.9111684560775757e-01 1.3017719984054565e-01</leafValues></_>
        <_>
          <internalNodes>
            0 -1 55 4.4243372976779938e-02</internalNodes>
          <leafValues>
            1.1374045908451080e-01 -6.8448317050933838e-01</leafValues></_>
        <_>
          <internalNodes>
            0 -1 37 2.1716791670769453e-03</internalNodes>
          <leafValues>
            7.3454104363918304e-02 -8.2004916667938232e-01</leafValues></_>
        <_>
          <internalNodes>
            0 -1 163 -8.7787518277764320e-03</internalNodes>
          <leafValues>
            5.8715790510177612e-01 -1.3562677800655365e-01</leafValues></_>
        <_>
          <internalNodes>
            0 -1 11 -3.4816216211766005e-03</internalNodes>
          <leafValues>
            -5.4043960571289062e-01 1.2970331311225891e-01</leafValues></_>
        <_>
          <internalNodes>
            0 -1 165 1.3472636230289936e-02</internalNodes>
          <leafValues>
            -8.3680681884288788e-02 7.7562898397445679e-01</leafValues></_>
        <_>
          <internalNodes>
            0 -1 71 5.6651835329830647e-03</internalNodes>
          <leafValues>
            -2.3416586220264435e-01 3.5384011268615723e-01</leafValues></_>
        <_>
          <internalNodes>
            0 -1 159 -7.7082338975742459e-05</internalNodes>
          <leafValues>
            -3.8502264022827148e-01 2.1359315514564514e-01</leafValues></_>
        <_>
          <internalNodes>
            0 -1 159 8.9904569904319942e-05</internalNodes>
          <leafValues>
            2.1574720740318298e-01 -4.4397035241127014e-01</leafValues></_>
        <_>
          <internalNodes>
            0 -1 178 1.5243741683661938e-02</internalNodes>
          <leafValues>
            -1.3415610790252686e-01 6.2530153989791870e-01</leafValues></_>
        <_>
          <internalNodes>
            0 -1 132 -7.3051771323662251e-05</internalNodes>
          <leafValues>
            -4.7787991166114807e-01 1.9098824262619019e-01</leafValues></_>
        <_>
          <internalNodes>
            0 -1 78 -3.2143522985279560e-03</internalNodes>
          <leafValues>
            4.9183318018913269e-01 -1.7709295451641083e-01</leafValues></_>
        <_>
          <internalNodes>
            0 -1 35 -3.6780040245503187e-03</internalNodes>
          <leafValues>
            4.1450420022010803e-01 -1.9265095889568329e-01</leafValues></_>
        <_>
          <internalNodes>
            0 -1 33 -3.9876580238342285e-02</internalNodes>
          <leafValues>
            -7.6292175054550171e-01 1.1511973291635513e-01</leafValues></_></weakClassifiers></_>
    <!-- stage 12 -->
    <_>
      <maxWeakCount>24</maxWeakCount>
      <stageThreshold>-1.1973817348480225e+00</stageThreshold>
      <weakClassifiers>
        <_>
          <internalNodes>
            0 -1 147 1.5000389888882637e-02</internalNodes>
          <leafValues>
            -4.6009387820959091e-02 6.5748500823974609e-01</leafValues></_>
        <_>
          <internalNodes>
            0 -1 110 1.3765217736363411e-02</internalNodes>
          <leafValues>
            -2.3773200809955597e-01 5.2143448591232300e-01</leafValues></_>
        <_>
          <internalNodes>
            0 -1 4 5.9286128729581833e-02</internalNodes>
          <leafValues>
            -2.0694400370121002e-01 4.6153512597084045e-01</leafValues></_>
        <_>
          <internalNodes>
            0 -1 63 9.4551229849457741e-03</internalNodes>
          <leafValues>
            -1.6835390031337738e-01 5.4868221282958984e-01</leafValues></_>
        <_>
          <internalNodes>
            0 -1 29 -4.5864852145314217e-03</internalNodes>
          <leafValues>
            3.9245751500129700e-01 -2.0875759422779083e-01</leafValues></_>
        <_>
          <internalNodes>
            0 -1 8 5.2483831532299519e-03</internalNodes>
          <leafValues>
            1.0319806635379791e-01 -6.9187295436859131e-01</leafValues></_>
        <_>
          <internalNodes>
            0 -1 84 -3.2566245645284653e-03</internalNodes>
          <leafValues>
            5.0916785001754761e-01 -1.4428170025348663e-01</leafValues></_>
        <_>
          <internalNodes>
            0 -1 32 3.4861295716837049e-04</internalNodes>
          <leafValues>
            1.4047807455062866e-01 -5.3131115436553955e-01</leafValues></_>
        <_>
          <internalNodes>
            0 -1 32 -3.9877579547464848e-04</internalNodes>
          <leafValues>
            -5.4850512742996216e-01 1.6994397342205048e-01</leafValues></_>
        <_>
          <internalNodes>
            0 -1 138 -4.9006205517798662e-04</internalNodes>
          <leafValues>
            2.3227733373641968e-01 -3.1820890307426453e-01</leafValues></_>
        <_>
          <internalNodes>
            0 -1 153 6.9317012093961239e-04</internalNodes>
          <leafValues>
            1.3541182875633240e-01 -5.4765111207962036e-01</leafValues></_>
        <_>
          <internalNodes>
            0 -1 99 -6.2428088858723640e-04</internalNodes>
          <leafValues>
            1.3582275807857513e-01 -4.3160602450370789e-01</leafValues></_>
        <_>
          <internalNodes>
            0 -1 113 -1.5246735420078039e-03</internalNodes>
          <leafValues>
            -5.7761412858963013e-01 1.4437277615070343e-01</leafValues></_>
        <_>
          <internalNodes>
            0 -1 77 5.9551992453634739e-03</internalNodes>
          <leafValues>
            -1.7201875150203705e-01 4.3487221002578735e-01</leafValues></_>
        <_>
          <internalNodes>
            0 -1 149 1.8210576672572643e-04</internalNodes>
          <leafValues>
            -2.7938261628150940e-01 2.6772826910018921e-01</leafValues></_>
        <_>
          <internalNodes>
            0 -1 120 5.8031491935253143e-03</internalNodes>
          <leafValues>
            -1.8693757057189941e-01 3.9699581265449524e-01</leafValues></_>
        <_>
          <internalNodes>
            0 -1 80 2.9967587906867266e-03</internalNodes>
          <leafValues>
            -2.0121145248413086e-01 3.6077141761779785e-01</leafValues></_>
        <_>
          <internalNodes>
            0 -1 160 -3.3285617828369141e-03</internalNodes>
          <leafValues>
            -5.6653076410293579e-01 1.3802278041839600e-01</leafValues></_>
        <_>
          <internalNodes>
            0 -1 162 -1.4396045356988907e-02</internalNodes>
          <leafValues>
            -6.7632049322128296e-01 9.8564833402633667e-02</leafValues></_>
        <_>
          <internalNodes>
            0 -1 47 -4.6479972079396248e-03</internalNodes>
          <leafValues>
            -5.1440912485122681e-01 1.4462126791477203e-01</leafValues></_>
        <_>
          <internalNodes>
            0 -1 127 2.4180451408028603e-02</internalNodes>
          <leafValues>
            9.7382850944995880e-02 -6.5902078151702881e-01</leafValues></_>
        <_>
          <internalNodes>
            0 -1 69 -2.0496265962719917e-02</internalNodes>
          <leafValues>
            -6.3648945093154907e-01 1.1001648753881454e-01</leafValues></_>
        <_>
          <internalNodes>
            0 -1 36 5.7628708891570568e-03</internalNodes>
          <leafValues>
            -2.4469022452831268e-01 3.0681368708610535e-01</leafValues></_>
        <_>
          <internalNodes>
            0 -1 67 2.8552919626235962e-02</internalNodes>
          <leafValues>
            1.0720936208963394e-01 -7.1866577863693237e-01</leafValues></_></weakClassifiers></_></stages>
  <features>
    <_>
      <rects>
        <_>
          0 2 1 3 -1.</_>
        <_>
          0 3 1 1 3.</_></rects>
      <tilted>0</tilted></_>
    <_>
      <rects>
        <_>
          0 3 1 6 -1.</_>
        <_>
          0 6 1 3 2.</_></rects>
      <tilted>0</tilted></_>
    <_>
      <rects>
        <_>
          0 4 3 3 -1.</_>
        <_>
          1 5 1 1 9.</_></rects>
      <tilted>0</tilted></_>
    <_>
      <rects>
        <_>
          0 4 1 4 -1.</_>
        <_>
          0 6 1 2 2.</_></rects>
      <tilted>0</tilted></_>
    <_>
      <rects>
        <_>
          0 5 8 15 -1.</_>
        <_>
          4 5 4 15 2.</_></rects>
      <tilted>0</tilted></_>
    <_>
      <rects>
        <_>
          0 5 24 19 -1.</_>
        <_>
          6 5 12 19 2.</_></rects>
      <tilted>0</tilted></_>
    <_>
      <rects>
        <_>
          0 7 1 2 -1.</_>
        <_>
          0 8 1 1 2.</_></rects>
      <tilted>0</tilted></_>
    <_>
      <rects>
        <_>
          0 7 1 3 -1.</_>
        <_>
          0 8 1 1 3.</_></rects>
      <tilted>0</tilted></_>
    <_>
      <rects>
        <_>
          0 8 1 6 -1.</_>
        <_>
          0 10 1 2 3.</_></rects>
      <tilted>0</tilted></_>
    <_>
      <rects>
        <_>
          0 9 1 4 -1.</_>
        <_>
          0 10 1 2 2.</_></rects>
      <tilted>0</tilted></_>
    <_>
      <rects>
        <_>
          0 9 2 12 -1.</_>
        <_>
          0 9 1 6 2.</_>
        <_>
          1 15 1 6 2.</_></rects>
      <tilted>0</tilted></_>
    <_>
      <rects>
        <_>
          0 17 4 4 -1.</_>
        <_>
          0 17 2 2 2.</_>
        <_>
          2 19 2 2 2.</_></rects>
      <tilted>0</tilted></_>
    <_>
      <rects>
        <_>
          1 6 6 12 -1.</_>
        <_>
          4 6 3 12 2.</_></rects>
      <tilted>0</tilted></_>
    <_>
      <rects>
        <_>
          1 12 4 2 -1.</_>
        <_>
          2 12 2 2 2.</_></rects>
      <tilted>0</tilted></_>
    <_>
      <rects>
        <_>
          2 9 6 6 -1.</_>
        <_>
          4 9 2 6 3.</_></rects>
      <tilted>0</tilted></_>
    <_>
      <rects>
        <_>
          2 10 3 1 -1.</_>
        <_>
          3 10 1 1 3.</_></rects>
      <tilted>0</tilted></_>
    <_>
      <rects>
        <_>
          2 10 6 5 -1.</_>
        <_>
          4 10 2 5 3.</_></rects>
      <tilted>0</tilted></_>
    <_>
      <rects>
        <_>
          3 5 18 1 -1.</_>
        <_>
          9 5 6 1 3.</_></rects>
      <tilted>0</tilted></_>
    <_>
      <rects>
        <_>
          3 10 3 1 -1.</_>
        <_>
          4 10 1 1 3.</_></rects>
      <tilted>0</tilted></_>
    <_>
      <rects>
        <_>
          3 12 3 1 -1.</_>
        <_>
          4 12 1 1 3.</_></rects>
      <tilted>0</tilted></_>
    <_>
      <rects>
        <_>
          3 12 2 2 -1.</_>
        <_>
          4 12 1 2 2.</_></rects>
      <tilted>0</tilted></_>
    <_>
      <rects>
        <_>
          3 12 3 2 -1.</_>
        <_>
          4 12 1 2 3.</_></rects>
      <tilted>0</tilted></_>
    <_>
      <rects>
        <_>
          3 13 2 1 -1.</_>
        <_>
          4 13 1 1 2.</_></rects>
      <tilted>0</tilted></_>
    <_>
      <rects>
        <_>
          3 13 3 1 -1.</_>
        <_>
          4 13 1 1 3.</_></rects>
      <tilted>0</tilted></_>
    <_>
      <rects>
        <_>
          3 14 3 1 -1.</_>
        <_>
          4 14 1 1 3.</_></rects>
      <tilted>0</tilted></_>
    <_>
      <rects>
        <_>
          3 16 12 2 -1.</_>
        <_>
          3 16 6 1 2.</_>
        <_>
          9 17 6 1 2.</_></rects>
      <tilted>0</tilted></_>
    <_>
      <rects>
        <_>
          4 0 6 1 -1.</_>
        <_>
          6 0 2 1 3.</_></rects>
      <tilted>0</tilted></_>
    <_>
      <rects>
        <_>
          4 1 2 21 -1.</_>
        <_>
          4 8 2 7 3.</_></rects>
      <tilted>0</tilted></_>
    <_>
      <rects>
        <_>
          4 4 12 10 -1.</_>
        <_>
          4 4 6 5 2.</_>
        <_>
          10 9 6 5 2.</_></rects>
      <tilted>0</tilted></_>
    <_>
      <rects>
        <_>
          4 7 2 6 -1.</_>
        <_>
          4 7 1 3 2.</_>
        <_>
          5 10 1 3 2.</_></rects>
      <tilted>0</tilted></_>
    <_>
      <rects>
        <_>
          4 9 6 6 -1.</_>
        <_>
          6 9 2 6 3.</_></rects>
      <tilted>0</tilted></_>
    <_>
      <rects>
        <_>
          4 14 3 2 -1.</_>
        <_>
          5 14 1 2 3.</_></rects>
      <tilted>0</tilted></_>
    <_>
      <rects>
        <_>
          5 1 2 1 -1.</_>
        <_>
          6 1 1 1 2.</_></rects>
      <tilted>0</tilted></_>
    <_>
      <rects>
        <_>
          5 10 15 3 -1.</_>
        <_>
          10 11 5 1 9.</_></rects>
      <tilted>0</tilted></_>
    <_>
      <rects>
        <_>
          5 13 7 4 -1.</_>
        <_>
          5 13 7 2 2.</_></rects>
      <tilted>1</tilted></_>
    <_>
      <rects>
        <_>
          5 15 8 2 -1.</_>
        <_>
          5 15 4 1 2.</_>
        <_>
          9 16 4 1 2.</_></rects>
      <tilted>0</tilted></_>
    <_>
      <rects>
        <_>
          5 16 8 4 -1.</_>
        <_>
          5 16 4 2 2.</_>
        <_>
          9 18 4 2 2.</_></rects>
      <tilted>0</tilted></_>
    <_>
      <rects>
        <_>
          6 0 4 1 -1.</_>
        <_>
          7 0 2 1 2.</_></rects>
      <tilted>0</tilted></_>
    <_>
      <rects>
        <_>
          6 0 6 1 -1.</_>
        <_>
          8 0 2 1 3.</_></rects>
      <tilted>0</tilted></_>
    <_>
      <rects>
        <_>
          6 2 8 6 -1.</_>
        <_>
          4 4 8 2 3.</_></rects>
      <tilted>1</tilted></_>
    <_>
      <rects>
        <_>
          6 5 15 12 -1.</_>
        <_>
          11 9 5 4 9.</_></rects>
      <tilted>0</tilted></_>
    <_>
      <rects>
        <_>
          6 6 6 15 -1.</_>
        <_>
          8 11 2 5 9.</_></rects>
      <tilted>0</tilted></_>
    <_>
      <rects>
        <_>
          6 9 8 15 -1.</_>
        <_>
          6 14 8 5 3.</_></rects>
      <tilted>0</tilted></_>
    <_>
      <rects>
        <_>
          6 10 12 1 -1.</_>
        <_>
          10 10 4 1 3.</_></rects>
      <tilted>0</tilted></_>
    <_>
      <rects>
        <_>
          6 10 8 2 -1.</_>
        <_>
          6 10 4 1 2.</_>
        <_>
          10 11 4 1 2.</_></rects>
      <tilted>0</tilted></_>
    <_>
      <rects>
        <_>
          6 15 9 3 -1.</_>
        <_>
          9 16 3 1 9.</_></rects>
      <tilted>0</tilted></_>
    <_>
      <rects>
        <_>
          7 4 4 3 -1.</_>
        <_>
          8 5 2 3 2.</_></rects>
      <tilted>1</tilted></_>
    <_>
      <rects>
        <_>
          7 5 8 11 -1.</_>
        <_>
          11 5 4 11 2.</_></rects>
      <tilted>0</tilted></_>
    <_>
      <rects>
        <_>
          7 6 6 12 -1.</_>
        <_>
          9 10 2 4 9.</_></rects>
      <tilted>0</tilted></_>
    <_>
      <rects>
        <_>
          7 10 6 2 -1.</_>
        <_>
          7 10 3 1 2.</_>
        <_>
          10 11 3 1 2.</_></rects>
      <tilted>0</tilted></_>
    <_>
      <rects>
        <_>
          7 13 1 3 -1.</_>
        <_>
          6 14 1 1 3.</_></rects>
      <tilted>1</tilted></_>
    <_>
      <rects>
        <_>
          7 13 6 2 -1.</_>
        <_>
          7 13 3 1 2.</_>
        <_>
          10 14 3 1 2.</_></rects>
      <tilted>0</tilted></_>
    <_>
      <rects>
        <_>
          8 0 8 15 -1.</_>
        <_>
          8 5 8 5 3.</_></rects>
      <tilted>0</tilted></_>
    <_>
      <rects>
        <_>
          8 1 6 7 -1.</_>
        <_>
          10 3 2 7 3.</_></rects>
      <tilted>1</tilted></_>
    <_>
      <rects>
        <_>
          8 4 8 16 -1.</_>
        <_>
          8 4 4 8 2.</_>
        <_>
          12 12 4 8 2.</_></rects>
      <tilted>0</tilted></_>
    <_>
      <rects>
        <_>
          8 5 12 2 -1.</_>
        <_>
          12 9 4 2 3.</_></rects>
      <tilted>1</tilted></_>
    <_>
      <rects>
        <_>
          8 6 6 3 -1.</_>
        <_>
          8 7 6 1 3.</_></rects>
      <tilted>0</tilted></_>
    <_>
      <rects>
        <_>
          8 7 5 8 -1.</_>
        <_>
          6 9 5 4 2.</_></rects>
      <tilted>1</tilted></_>
    <_>
      <rects>
        <_>
          8 9 8 9 -1.</_>
        <_>
          12 9 4 9 2.</_></rects>
      <tilted>0</tilted></_>
    <_>
      <rects>
        <_>
          8 9 5 3 -1.</_>
        <_>
          7 10 5 1 3.</_></rects>
      <tilted>1</tilted></_>
    <_>
      <rects>
        <_>
          8 11 2 3 -1.</_>
        <_>
          8 12 2 1 3.</_></rects>
      <tilted>0</tilted></_>
    <_>
      <rects>
        <_>
          8 13 1 3 -1.</_>
        <_>
          8 14 1 1 3.</_></rects>
      <tilted>0</tilted></_>
    <_>
      <rects>
        <_>
          8 13 2 3 -1.</_>
        <_>
          8 14 2 1 3.</_></rects>
      <tilted>0</tilted></_>
    <_>
      <rects>
        <_>
          8 13 3 4 -1.</_>
        <_>
          8 14 3 2 2.</_></rects>
      <tilted>0</tilted></_>
    <_>
      <rects>
        <_>
          8 13 4 4 -1.</_>
        <_>
          8 14 4 2 2.</_></rects>
      <tilted>0</tilted></_>
    <_>
      <rects>
        <_>
          8 14 1 3 -1.</_>
        <_>
          8 15 1 1 3.</_></rects>
      <tilted>0</tilted></_>
    <_>
      <rects>
        <_>
          9 3 13 8 -1.</_>
        <_>
          9 5 13 4 2.</_></rects>
      <tilted>0</tilted></_>
    <_>
      <rects>
        <_>
          9 4 6 8 -1.</_>
        <_>
          12 4 3 8 2.</_></rects>
      <tilted>0</tilted></_>
    <_>
      <rects>
        <_>
          9 7 1 3 -1.</_>
        <_>
          9 8 1 1 3.</_></rects>
      <tilted>0</tilted></_>
    <_>
      <rects>
        <_>
          9 7 2 15 -1.</_>
        <_>
          9 12 2 5 3.</_></rects>
      <tilted>0</tilted></_>
    <_>
      <rects>
        <_>
          9 8 1 3 -1.</_>
        <_>
          9 9 1 1 3.</_></rects>
      <tilted>0</tilted></_>
    <_>
      <rects>
        <_>
          9 8 3 3 -1.</_>
        <_>
          10 9 1 1 9.</_></rects>
      <tilted>0</tilted></_>
    <_>
      <rects>
        <_>
          9 9 3 1 -1.</_>
        <_>
          10 9 1 1 3.</_></rects>
      <tilted>0</tilted></_>
    <_>
      <rects>
        <_>
          9 9 6 2 -1.</_>
        <_>
          9 9 3 1 2.</_>
        <_>
          12 10 3 1 2.</_></rects>
      <tilted>0</tilted></_>
    <_>
      <rects>
        <_>
          9 10 6 2 -1.</_>
        <_>
          9 10 3 1 2.</_>
        <_>
          12 11 3 1 2.</_></rects>
      <tilted>0</tilted></_>
    <_>
      <rects>
        <_>
          9 12 3 2 -1.</_>
        <_>
          10 12 1 2 3.</_></rects>
      <tilted>0</tilted></_>
    <_>
      <rects>
        <_>
          9 12 8 1 -1.</_>
        <_>
          11 12 4 1 2.</_></rects>
      <tilted>0</tilted></_>
    <_>
      <rects>
        <_>
          9 12 3 3 -1.</_>
        <_>
          9 13 3 1 3.</_></rects>
      <tilted>0</tilted></_>
    <_>
      <rects>
        <_>
          9 13 1 4 -1.</_>
        <_>
          9 14 1 2 2.</_></rects>
      <tilted>0</tilted></_>
    <_>
      <rects>
        <_>
          9 13 2 2 -1.</_>
        <_>
          9 13 1 1 2.</_>
        <_>
          10 14 1 1 2.</_></rects>
      <tilted>0</tilted></_>
    <_>
      <rects>
        <_>
          9 13 2 3 -1.</_>
        <_>
          9 14 2 1 3.</_></rects>
      <tilted>0</tilted></_>
    <_>
      <rects>
        <_>
          9 15 2 4 -1.</_>
        <_>
          9 16 2 2 2.</_></rects>
      <tilted>0</tilted></_>
    <_>
      <rects>
        <_>
          9 15 3 4 -1.</_>
        <_>
          9 16 3 2 2.</_></rects>
      <tilted>0</tilted></_>
    <_>
      <rects>
        <_>
          9 17 1 3 -1.</_>
        <_>
          9 18 1 1 3.</_></rects>
      <tilted>0</tilted></_>
    <_>
      <rects>
        <_>
          10 5 1 3 -1.</_>
        <_>
          10 6 1 1 3.</_></rects>
      <tilted>0</tilted></_>
    <_>
      <rects>
        <_>
          10 5 1 4 -1.</_>
        <_>
          10 6 1 2 2.</_></rects>
      <tilted>0</tilted></_>
    <_>
      <rects>
        <_>
          10 5 2 5 -1.</_>
        <_>
          10 5 1 5 2.</_></rects>
      <tilted>1</tilted></_>
    <_>
      <rects>
        <_>
          10 5 2 4 -1.</_>
        <_>
          10 6 2 2 2.</_></rects>
      <tilted>0</tilted></_>
    <_>
      <rects>
        <_>
          10 6 4 8 -1.</_>
        <_>
          12 6 2 8 2.</_></rects>
      <tilted>0</tilted></_>
    <_>
      <rects>
        <_>
          10 6 9 1 -1.</_>
        <_>
          13 9 3 1 3.</_></rects>
      <tilted>1</tilted></_>
    <_>
      <rects>
        <_>
          10 6 9 2 -1.</_>
        <_>
          13 9 3 2 3.</_></rects>
      <tilted>1</tilted></_>
    <_>
      <rects>
        <_>
          10 8 1 3 -1.</_>
        <_>
          10 9 1 1 3.</_></rects>
      <tilted>0</tilted></_>
    <_>
      <rects>
        <_>
          10 8 4 3 -1.</_>
        <_>
          11 9 2 3 2.</_></rects>
      <tilted>1</tilted></_>
    <_>
      <rects>
        <_>
          10 8 2 4 -1.</_>
        <_>
          10 10 2 2 2.</_></rects>
      <tilted>0</tilted></_>
    <_>
      <rects>
        <_>
          10 8 4 6 -1.</_>
        <_>
          10 10 4 2 3.</_></rects>
      <tilted>0</tilted></_>
    <_>
      <rects>
        <_>
          10 9 2 2 -1.</_>
        <_>
          10 9 1 1 2.</_>
        <_>
          11 10 1 1 2.</_></rects>
      <tilted>0</tilted></_>
    <_>
      <rects>
        <_>
          10 9 4 2 -1.</_>
        <_>
          10 9 2 1 2.</_>
        <_>
          12 10 2 1 2.</_></rects>
      <tilted>0</tilted></_>
    <_>
      <rects>
        <_>
          10 9 4 3 -1.</_>
        <_>
          10 10 4 1 3.</_></rects>
      <tilted>0</tilted></_>
    <_>
      <rects>
        <_>
          10 10 2 1 -1.</_>
        <_>
          11 10 1 1 2.</_></rects>
      <tilted>0</tilted></_>
    <_>
      <rects>
        <_>
          10 10 2 4 -1.</_>
        <_>
          10 12 2 2 2.</_></rects>
      <tilted>0</tilted></_>
    <_>
      <rects>
        <_>
          10 10 9 6 -1.</_>
        <_>
          13 12 3 2 9.</_></rects>
      <tilted>0</tilted></_>
    <_>
      <rects>
        <_>
          10 11 1 3 -1.</_>
        <_>
          10 12 1 1 3.</_></rects>
      <tilted>0</tilted></_>
    <_>
      <rects>
        <_>
          10 12 2 1 -1.</_>
        <_>
          11 12 1 1 2.</_></rects>
      <tilted>0</tilted></_>
    <_>
      <rects>
        <_>
          10 12 3 1 -1.</_>
        <_>
          11 12 1 1 3.</_></rects>
      <tilted>0</tilted></_>
    <_>
      <rects>
        <_>
          10 12 2 2 -1.</_>
        <_>
          10 12 1 1 2.</_>
        <_>
          11 13 1 1 2.</_></rects>
      <tilted>0</tilted></_>
    <_>
      <rects>
        <_>
          10 17 1 3 -1.</_>
        <_>
          10 18 1 1 3.</_></rects>
      <tilted>0</tilted></_>
    <_>
      <rects>
        <_>
          10 17 1 4 -1.</_>
        <_>
          10 18 1 2 2.</_></rects>
      <tilted>0</tilted></_>
    <_>
      <rects>
        <_>
          11 6 1 3 -1.</_>
        <_>
          11 7 1 1 3.</_></rects>
      <tilted>0</tilted></_>
    <_>
      <rects>
        <_>
          11 7 8 2 -1.</_>
        <_>
          13 9 4 2 2.</_></rects>
      <tilted>1</tilted></_>
    <_>
      <rects>
        <_>
          11 9 2 2 -1.</_>
        <_>
          11 9 1 1 2.</_>
        <_>
          12 10 1 1 2.</_></rects>
      <tilted>0</tilted></_>
    <_>
      <rects>
        <_>
          11 9 3 3 -1.</_>
        <_>
          12 10 1 1 9.</_></rects>
      <tilted>0</tilted></_>
    <_>
      <rects>
        <_>
          11 9 3 3 -1.</_>
        <_>
          11 10 3 1 3.</_></rects>
      <tilted>0</tilted></_>
    <_>
      <rects>
        <_>
          11 10 2 2 -1.</_>
        <_>
          11 11 2 1 2.</_></rects>
      <tilted>0</tilted></_>
    <_>
      <rects>
        <_>
          11 11 1 2 -1.</_>
        <_>
          11 12 1 1 2.</_></rects>
      <tilted>0</tilted></_>
    <_>
      <rects>
        <_>
          11 11 2 2 -1.</_>
        <_>
          12 11 1 2 2.</_></rects>
      <tilted>0</tilted></_>
    <_>
      <rects>
        <_>
          11 11 4 3 -1.</_>
        <_>
          13 11 2 3 2.</_></rects>
      <tilted>0</tilted></_>
    <_>
      <rects>
        <_>
          11 11 6 3 -1.</_>
        <_>
          13 11 2 3 3.</_></rects>
      <tilted>0</tilted></_>
    <_>
      <rects>
        <_>
          11 12 2 3 -1.</_>
        <_>
          10 13 2 1 3.</_></rects>
      <tilted>1</tilted></_>
    <_>
      <rects>
        <_>
          11 12 4 2 -1.</_>
        <_>
          11 13 4 1 2.</_></rects>
      <tilted>0</tilted></_>
    <_>
      <rects>
        <_>
          11 13 4 1 -1.</_>
        <_>
          12 13 2 1 2.</_></rects>
      <tilted>0</tilted></_>
    <_>
      <rects>
        <_>
          11 13 4 2 -1.</_>
        <_>
          12 13 2 2 2.</_></rects>
      <tilted>0</tilted></_>
    <_>
      <rects>
        <_>
          11 13 3 2 -1.</_>
        <_>
          12 14 1 2 3.</_></rects>
      <tilted>1</tilted></_>
    <_>
      <rects>
        <_>
          11 14 6 3 -1.</_>
        <_>
          11 14 3 3 2.</_></rects>
      <tilted>1</tilted></_>
    <_>
      <rects>
        <_>
          11 15 11 8 -1.</_>
        <_>
          11 19 11 4 2.</_></rects>
      <tilted>0</tilted></_>
    <_>
      <rects>
        <_>
          12 3 2 6 -1.</_>
        <_>
          12 3 1 6 2.</_></rects>
      <tilted>1</tilted></_>
    <_>
      <rects>
        <_>
          12 7 1 3 -1.</_>
        <_>
          11 8 1 1 3.</_></rects>
      <tilted>1</tilted></_>
    <_>
      <rects>
        <_>
          12 7 2 3 -1.</_>
        <_>
          11 8 2 1 3.</_></rects>
      <tilted>1</tilted></_>
    <_>
      <rects>
        <_>
          12 7 6 4 -1.</_>
        <_>
          14 9 2 4 3.</_></rects>
      <tilted>1</tilted></_>
    <_>
      <rects>
        <_>
          12 8 3 3 -1.</_>
        <_>
          13 9 1 1 9.</_></rects>
      <tilted>0</tilted></_>
    <_>
      <rects>
        <_>
          12 9 3 3 -1.</_>
        <_>
          13 10 1 1 9.</_></rects>
      <tilted>0</tilted></_>
    <_>
      <rects>
        <_>
          12 9 3 2 -1.</_>
        <_>
          13 9 1 2 3.</_></rects>
      <tilted>0</tilted></_>
    <_>
      <rects>
        <_>
          12 9 3 4 -1.</_>
        <_>
          12 9 3 2 2.</_></rects>
      <tilted>1</tilted></_>
    <_>
      <rects>
        <_>
          12 10 2 1 -1.</_>
        <_>
          13 10 1 1 2.</_></rects>
      <tilted>0</tilted></_>
    <_>
      <rects>
        <_>
          12 10 1 3 -1.</_>
        <_>
          12 11 1 1 3.</_></rects>
      <tilted>0</tilted></_>
    <_>
      <rects>
        <_>
          12 10 2 2 -1.</_>
        <_>
          12 10 1 1 2.</_>
        <_>
          13 11 1 1 2.</_></rects>
      <tilted>0</tilted></_>
    <_>
      <rects>
        <_>
          12 10 3 3 -1.</_>
        <_>
          13 11 1 1 9.</_></rects>
      <tilted>0</tilted></_>
    <_>
      <rects>
        <_>
          12 10 4 2 -1.</_>
        <_>
          12 10 2 1 2.</_>
        <_>
          14 11 2 1 2.</_></rects>
      <tilted>0</tilted></_>
    <_>
      <rects>
        <_>
          12 11 4 2 -1.</_>
        <_>
          13 11 2 2 2.</_></rects>
      <tilted>0</tilted></_>
    <_>
      <rects>
        <_>
          13 2 4 4 -1.</_>
        <_>
          13 2 2 2 2.</_>
        <_>
          15 4 2 2 2.</_></rects>
      <tilted>0</tilted></_>
    <_>
      <rects>
        <_>
          13 6 2 2 -1.</_>
        <_>
          13 6 1 1 2.</_>
        <_>
          14 7 1 1 2.</_></rects>
      <tilted>0</tilted></_>
    <_>
      <rects>
        <_>
          13 6 2 12 -1.</_>
        <_>
          13 6 1 6 2.</_>
        <_>
          14 12 1 6 2.</_></rects>
      <tilted>0</tilted></_>
    <_>
      <rects>
        <_>
          13 9 2 2 -1.</_>
        <_>
          13 9 1 1 2.</_>
        <_>
          14 10 1 1 2.</_></rects>
      <tilted>0</tilted></_>
    <_>
      <rects>
        <_>
          13 9 2 6 -1.</_>
        <_>
          13 9 1 3 2.</_>
        <_>
          14 12 1 3 2.</_></rects>
      <tilted>0</tilted></_>
    <_>
      <rects>
        <_>
          13 9 8 11 -1.</_>
        <_>
          17 9 4 11 2.</_></rects>
      <tilted>0</tilted></_>
    <_>
      <rects>
        <_>
          13 10 1 2 -1.</_>
        <_>
          13 11 1 1 2.</_></rects>
      <tilted>0</tilted></_>
    <_>
      <rects>
        <_>
          13 10 3 1 -1.</_>
        <_>
          14 10 1 1 3.</_></rects>
      <tilted>0</tilted></_>
    <_>
      <rects>
        <_>
          13 10 2 4 -1.</_>
        <_>
          13 10 1 2 2.</_>
        <_>
          14 12 1 2 2.</_></rects>
      <tilted>0</tilted></_>
    <_>
      <rects>
        <_>
          13 11 3 3 -1.</_>
        <_>
          14 12 1 1 9.</_></rects>
      <tilted>0</tilted></_>
    <_>
      <rects>
        <_>
          13 11 2 2 -1.</_>
        <_>
          14 11 1 2 2.</_></rects>
      <tilted>0</tilted></_>
    <_>
      <rects>
        <_>
          13 12 2 1 -1.</_>
        <_>
          14 12 1 1 2.</_></rects>
      <tilted>0</tilted></_>
    <_>
      <rects>
        <_>
          13 12 3 1 -1.</_>
        <_>
          14 12 1 1 3.</_></rects>
      <tilted>0</tilted></_>
    <_>
      <rects>
        <_>
          13 12 2 2 -1.</_>
        <_>
          14 12 1 2 2.</_></rects>
      <tilted>0</tilted></_>
    <_>
      <rects>
        <_>
          13 13 2 1 -1.</_>
        <_>
          14 13 1 1 2.</_></rects>
      <tilted>0</tilted></_>
    <_>
      <rects>
        <_>
          13 13 1 2 -1.</_>
        <_>
          13 14 1 1 2.</_></rects>
      <tilted>0</tilted></_>
    <_>
      <rects>
        <_>
          13 13 3 1 -1.</_>
        <_>
          14 13 1 1 3.</_></rects>
      <tilted>0</tilted></_>
    <_>
      <rects>
        <_>
          13 13 3 2 -1.</_>
        <_>
          14 13 1 2 3.</_></rects>
      <tilted>0</tilted></_>
    <_>
      <rects>
        <_>
          13 17 3 3 -1.</_>
        <_>
          14 18 1 1 9.</_></rects>
      <tilted>0</tilted></_>
    <_>
      <rects>
        <_>
          14 0 2 1 -1.</_>
        <_>
          15 0 1 1 2.</_></rects>
      <tilted>0</tilted></_>
    <_>
      <rects>
        <_>
          14 8 3 4 -1.</_>
        <_>
          13 9 3 2 2.</_></rects>
      <tilted>1</tilted></_>
    <_>
      <rects>
        <_>
          14 11 1 2 -1.</_>
        <_>
          14 12 1 1 2.</_></rects>
      <tilted>0</tilted></_>
    <_>
      <rects>
        <_>
          15 1 2 4 -1.</_>
        <_>
          15 2 2 2 2.</_></rects>
      <tilted>0</tilted></_>
    <_>
      <rects>
        <_>
          15 2 8 7 -1.</_>
        <_>
          17 4 4 7 2.</_></rects>
      <tilted>1</tilted></_>
    <_>
      <rects>
        <_>
          15 5 1 12 -1.</_>
        <_>
          11 9 1 4 3.</_></rects>
      <tilted>1</tilted></_>
    <_>
      <rects>
        <_>
          15 7 3 3 -1.</_>
        <_>
          15 8 3 1 3.</_></rects>
      <tilted>0</tilted></_>
    <_>
      <rects>
        <_>
          16 7 2 3 -1.</_>
        <_>
          16 8 2 1 3.</_></rects>
      <tilted>0</tilted></_>
    <_>
      <rects>
        <_>
          16 16 2 4 -1.</_>
        <_>
          16 16 1 4 2.</_></rects>
      <tilted>1</tilted></_>
    <_>
      <rects>
        <_>
          17 7 1 3 -1.</_>
        <_>
          16 8 1 1 3.</_></rects>
      <tilted>1</tilted></_>
    <_>
      <rects>
        <_>
          17 9 4 5 -1.</_>
        <_>
          19 9 2 5 2.</_></rects>
      <tilted>0</tilted></_>
    <_>
      <rects>
        <_>
          17 10 3 4 -1.</_>
        <_>
          18 10 1 4 3.</_></rects>
      <tilted>0</tilted></_>
    <_>
      <rects>
        <_>
          17 11 3 3 -1.</_>
        <_>
          18 11 1 3 3.</_></rects>
      <tilted>0</tilted></_>
    <_>
      <rects>
        <_>
          17 12 3 1 -1.</_>
        <_>
          18 12 1 1 3.</_></rects>
      <tilted>0</tilted></_>
    <_>
      <rects>
        <_>
          17 13 3 1 -1.</_>
        <_>
          18 13 1 1 3.</_></rects>
      <tilted>0</tilted></_>
    <_>
      <rects>
        <_>
          17 13 4 2 -1.</_>
        <_>
          17 13 2 1 2.</_>
        <_>
          19 14 2 1 2.</_></rects>
      <tilted>0</tilted></_>
    <_>
      <rects>
        <_>
          17 14 2 3 -1.</_>
        <_>
          17 15 2 1 3.</_></rects>
      <tilted>0</tilted></_>
    <_>
      <rects>
        <_>
          18 8 1 9 -1.</_>
        <_>
          15 11 1 3 3.</_></rects>
      <tilted>1</tilted></_>
    <_>
      <rects>
        <_>
          18 9 2 2 -1.</_>
        <_>
          18 9 1 1 2.</_>
        <_>
          19 10 1 1 2.</_></rects>
      <tilted>0</tilted></_>
    <_>
      <rects>
        <_>
          18 9 3 12 -1.</_>
        <_>
          15 12 3 6 2.</_></rects>
      <tilted>1</tilted></_>
    <_>
      <rects>
        <_>
          18 10 2 6 -1.</_>
        <_>
          19 10 1 6 2.</_></rects>
      <tilted>0</tilted></_>
    <_>
      <rects>
        <_>
          18 13 3 4 -1.</_>
        <_>
          19 14 1 4 3.</_></rects>
      <tilted>1</tilted></_>
    <_>
      <rects>
        <_>
          19 11 1 3 -1.</_>
        <_>
          19 12 1 1 3.</_></rects>
      <tilted>0</tilted></_>
    <_>
      <rects>
        <_>
          19 12 2 2 -1.</_>
        <_>
          19 12 1 1 2.</_>
        <_>
          20 13 1 1 2.</_></rects>
      <tilted>0</tilted></_>
    <_>
      <rects>
        <_>
          21 0 2 1 -1.</_>
        <_>
          22 0 1 1 2.</_></rects>
      <tilted>0</tilted></_>
    <_>
      <rects>
        <_>
          22 0 2 1 -1.</_>
        <_>
          23 0 1 1 2.</_></rects>
      <tilted>0</tilted></_>
    <_>
      <rects>
        <_>
          22 0 2 3 -1.</_>
        <_>
          23 0 1 3 2.</_></rects>
      <tilted>0</tilted></_></features></cascade>
</opencv_storage>
