<?xml version="1.0"?>
<opencv_storage>
<cascade>
  <stageType>BOOST</stageType>
  <featureType>HAAR</featureType>
  <height>30</height>
  <width>30</width>
  <stageParams>
    <boostType>GAB</boostType>
    <minHitRate>9.9500000476837158e-01</minHitRate>
    <maxFalseAlarm>5.0000000000000000e-01</maxFalseAlarm>
    <weightTrimRate>9.4999998807907104e-01</weightTrimRate>
    <maxDepth>1</maxDepth>
    <maxWeakCount>100</maxWeakCount></stageParams>
  <featureParams>
    <maxCatCount>0</maxCatCount>
    <featSize>1</featSize>
    <mode>BASIC</mode></featureParams>
  <stageNum>3</stageNum>
  <stages>
    <!-- stage 0 -->
    <_>
      <maxWeakCount>3</maxWeakCount>
      <stageThreshold>-1.4196956157684326e+00</stageThreshold>
      <weakClassifiers>
        <_>
          <internalNodes>
            0 -1 5 -5.0932042300701141e-02</internalNodes>
          <leafValues>
            8.5185188055038452e-01 -9.9400597810745239e-01</leafValues></_>
        <_>
          <internalNodes>
            0 -1 4 8.5935711860656738e-02</internalNodes>
          <leafValues>
            -9.8318976163864136e-01 5.2039074897766113e-01</leafValues></_>
        <_>
          <internalNodes>
            0 -1 8 2.2605121135711670e-02</internalNodes>
          <leafValues>
            -9.4608038663864136e-01 7.9918551445007324e-01</leafValues></_></weakClassifiers></_>
    <!-- stage 1 -->
    <_>
      <maxWeakCount>3</maxWeakCount>
      <stageThreshold>-1.6550676822662354e+00</stageThreshold>
      <weakClassifiers>
        <_>
          <internalNodes>
            0 -1 3 -4.1397728025913239e-02</internalNodes>
          <leafValues>
            3.1034481525421143e-01 -9.8198199272155762e-01</leafValues></_>
        <_>
          <internalNodes>
            0 -1 6 -8.7926693260669708e-02</internalNodes>
          <leafValues>
            3.6803391575813293e-01 -9.6631634235382080e-01</leafValues></_>
        <_>
          <internalNodes>
            0 -1 1 9.5057217404246330e-03</internalNodes>
          <leafValues>
            -9.7318905591964722e-01 2.9323065280914307e-01</leafValues></_></weakClassifiers></_>
    <!-- stage 2 -->
    <_>
      <maxWeakCount>3</maxWeakCount>
      <stageThreshold>-1.9758633375167847e+00</stageThreshold>
      <weakClassifiers>
        <_>
          <internalNodes>
            0 -1 7 -4.5271206647157669e-02</internalNodes>
          <leafValues>
            -1.1627907305955887e-01 -9.8172587156295776e-01</leafValues></_>
        <_>
          <internalNodes>
            0 -1 0 -2.2508349269628525e-02</internalNodes>
          <leafValues>
            5.8212852478027344e-01 -9.1428989171981812e-01</leafValues></_>
        <_>
          <internalNodes>
            0 -1 2 -1.9615821540355682e-02</internalNodes>
          <leafValues>
            4.3686932325363159e-01 -9.4529432058334351e-01</leafValues></_></weakClassifiers></_></stages>
  <features>
    <_>
      <rects>
        <_>
          4 4 1 22 -1.</_>
        <_>
          4 15 1 11 2.</_></rects>
      <tilted>0</tilted></_>
    <_>
      <rects>
        <_>
          9 28 16 1 -1.</_>
        <_>
          17 28 8 1 2.</_></rects>
      <tilted>0</tilted></_>
    <_>
      <rects>
        <_>
          12 14 4 15 -1.</_>
        <_>
          12 19 4 5 3.</_></rects>
      <tilted>0</tilted></_>
    <_>
      <rects>
        <_>
          14 8 4 9 -1.</_>
        <_>
          14 11 4 3 3.</_></rects>
      <tilted>0</tilted></_>
    <_>
      <rects>
        <_>
          16 15 14 12 -1.</_>
        <_>
          16 15 7 6 2.</_>
        <_>
          23 21 7 6 2.</_></rects>
      <tilted>0</tilted></_>
    <_>
      <rects>
        <_>
          17 12 12 8 -1.</_>
        <_>
          17 12 6 4 2.</_>
        <_>
          23 16 6 4 2.</_></rects>
      <tilted>0</tilted></_>
    <_>
      <rects>
        <_>
          18 14 12 10 -1.</_>
        <_>
          22 14 4 10 3.</_></rects>
      <tilted>0</tilted></_>
    <_>
      <rects>
        <_>
          19 8 6 8 -1.</_>
        <_>
          19 12 6 4 2.</_></rects>
      <tilted>0</tilted></_>
    <_>
      <rects>
        <_>
          20 19 8 6 -1.</_>
        <_>
          20 19 4 3 2.</_>
        <_>
          24 22 4 3 2.</_></rects>
      <tilted>0</tilted></_></features></cascade>
</opencv_storage>
