<?xml version="1.0"?>
<opencv_storage>
<myhaar type_id="opencv-haar-classifier">
  <size>
    24 24</size>
  <stages>
    <_>
      <trees>
        <_>
          <_>
            <feature>
              <rects>
                <_>
                  0 0 2 12 -1.</_>
                <_>
                  0 0 1 6 2.</_>
                <_>
                  1 6 1 6 2.</_></rects>
              <tilted>0</tilted></feature>
            <threshold>-4.5687071979045868e-003</threshold>
            <left_val>1.</left_val>
            <right_val>-0.9999995231628418</right_val></_></_></trees>
      <stage_threshold>1.</stage_threshold>
      <parent>-1</parent>
      <next>-1</next></_>
    <_>
      <trees>
        <_>
          <_>
            <feature>
              <rects>
                <_>
                  0 0 6 24 -1.</_>
                <_>
                  2 8 2 8 9.</_></rects>
              <tilted>0</tilted></feature>
            <threshold>-0.1800972074270248</threshold>
            <left_val>1.</left_val>
            <right_val>-0.9999995231628418</right_val></_></_></trees>
      <stage_threshold>1.</stage_threshold>
      <parent>0</parent>
      <next>-1</next></_>
    <_>
      <trees>
        <_>
          <_>
            <feature>
              <rects>
                <_>
                  0 0 16 24 -1.</_>
                <_>
                  0 6 16 12 2.</_></rects>
              <tilted>0</tilted></feature>
            <threshold>-0.3356133103370667</threshold>
            <left_val>1.</left_val>
            <right_val>-0.9999995231628418</right_val></_></_></trees>
      <stage_threshold>1.</stage_threshold>
      <parent>1</parent>
      <next>-1</next></_>
    <_>
      <trees>
        <_>
          <_>
            <feature>
              <rects>
                <_>
                  0 0 9 15 -1.</_>
                <_>
                  3 5 3 5 9.</_></rects>
              <tilted>0</tilted></feature>
            <threshold>0.0194742307066917</threshold>
            <left_val>-1.</left_val>
            <right_val>0.9999995231628418</right_val></_></_></trees>
      <stage_threshold>0.9999995231628418</stage_threshold>
      <parent>2</parent>
      <next>-1</next></_>
    <_>
      <trees>
        <_>
          <_>
            <feature>
              <rects>
                <_>
                  0 0 4 22 -1.</_>
                <_>
                  2 0 2 22 2.</_></rects>
              <tilted>0</tilted></feature>
            <threshold>-0.0233690794557333</threshold>
            <left_val>1.</left_val>
            <right_val>-0.9999992847442627</right_val></_></_></trees>
      <stage_threshold>1.</stage_threshold>
      <parent>3</parent>
      <next>-1</next></_>
    <_>
      <trees>
        <_>
          <_>
            <feature>
              <rects>
                <_>
                  0 0 18 10 -1.</_>
                <_>
                  0 5 18 5 2.</_></rects>
              <tilted>0</tilted></feature>
            <threshold>-0.1928035020828247</threshold>
            <left_val>1.</left_val>
            <right_val>-0.9999995231628418</right_val></_></_></trees>
      <stage_threshold>1.</stage_threshold>
      <parent>4</parent>
      <next>-1</next></_></stages></myhaar>
</opencv_storage>
