<?xml version="1.0"?>
<opencv_storage>
<myhaar type_id="opencv-haar-classifier">
  <size>
    24 24</size>
  <stages>
    <_>
      <trees>
        <_>
          <_>
            <feature>
              <rects>
                <_>
                  4 13 16 6 -1.</_>
                <_>
                  8 13 8 6 2.</_></rects>
              <tilted>0</tilted></feature>
            <threshold>-0.0717920735478401</threshold>
            <left_val>0.9523808956146240</left_val>
            <right_val>-1.</right_val></_></_></trees>
      <stage_threshold>0.9523808956146240</stage_threshold>
      <parent>-1</parent>
      <next>-1</next></_>
    <_>
      <trees>
        <_>
          <_>
            <feature>
              <rects>
                <_>
                  2 4 2 10 -1.</_>
                <_>
                  2 4 1 5 2.</_>
                <_>
                  3 9 1 5 2.</_></rects>
              <tilted>0</tilted></feature>
            <threshold>5.9251040220260620e-003</threshold>
            <left_val>-1.</left_val>
            <right_val>0.9069762229919434</right_val></_></_></trees>
      <stage_threshold>0.9069762229919434</stage_threshold>
      <parent>0</parent>
      <next>-1</next></_>
    <_>
      <trees>
        <_>
          <_>
            <feature>
              <rects>
                <_>
                  9 4 4 2 -1.</_>
                <_>
                  10 5 2 2 2.</_></rects>
              <tilted>1</tilted></feature>
            <threshold>8.1598479300737381e-003</threshold>
            <left_val>-1.</left_val>
            <right_val>0.8850569725036621</right_val></_></_></trees>
      <stage_threshold>0.8850569725036621</stage_threshold>
      <parent>1</parent>
      <next>-1</next></_>
    <_>
      <trees>
        <_>
          <_>
            <feature>
              <rects>
                <_>
                  2 14 7 2 -1.</_>
                <_>
                  2 14 7 1 2.</_></rects>
              <tilted>1</tilted></feature>
            <threshold>-0.0146277295425534</threshold>
            <left_val>0.9735258221626282</left_val>
            <right_val>-0.8314493894577026</right_val></_></_>
        <_>
          <_>
            <feature>
              <rects>
                <_>
                  7 6 16 18 -1.</_>
                <_>
                  7 12 16 6 3.</_></rects>
              <tilted>0</tilted></feature>
            <threshold>-0.3064757883548737</threshold>
            <left_val>0.9503962993621826</left_val>
            <right_val>-0.1420049965381622</right_val></_></_></trees>
      <stage_threshold>0.1189469024538994</stage_threshold>
      <parent>2</parent>
      <next>-1</next></_></stages></myhaar>
</opencv_storage>
