<?xml version="1.0"?>
<opencv_storage>
<cascade>
  <stageType>BOOST</stageType>
  <featureType>HAAR</featureType>
  <height>24</height>
  <width>24</width>
  <stageParams>
    <boostType>GAB</boostType>
    <minHitRate>9.9500000476837158e-01</minHitRate>
    <maxFalseAlarm>5.0000000000000000e-01</maxFalseAlarm>
    <weightTrimRate>9.4999998807907104e-01</weightTrimRate>
    <maxDepth>1</maxDepth>
    <maxWeakCount>100</maxWeakCount></stageParams>
  <featureParams>
    <maxCatCount>0</maxCatCount>
    <featSize>1</featSize>
    <mode>BASIC</mode></featureParams>
  <stageNum>8</stageNum>
  <stages>
    <!-- stage 0 -->
    <_>
      <maxWeakCount>3</maxWeakCount>
      <stageThreshold>-1.4154629707336426e+00</stageThreshold>
      <weakClassifiers>
        <_>
          <internalNodes>
            0 -1 13 -1.8511921167373657e-01</internalNodes>
          <leafValues>
            5.3846156597137451e-01 -9.9866223335266113e-01</leafValues></_>
        <_>
          <internalNodes>
            0 -1 12 -1.0946583747863770e-01</internalNodes>
          <leafValues>
            9.2409944534301758e-01 -9.8213636875152588e-01</leafValues></_>
        <_>
          <internalNodes>
            0 -1 22 4.7307508066296577e-03</internalNodes>
          <leafValues>
            -9.5049756765365601e-01 5.6533557176589966e-01</leafValues></_></weakClassifiers></_>
    <!-- stage 1 -->
    <_>
      <maxWeakCount>4</maxWeakCount>
      <stageThreshold>-2.6297819614410400e+00</stageThreshold>
      <weakClassifiers>
        <_>
          <internalNodes>
            0 -1 0 -2.8373885899782181e-02</internalNodes>
          <leafValues>
            9.6774190664291382e-02 -9.9463087320327759e-01</leafValues></_>
        <_>
          <internalNodes>
            0 -1 10 -6.9022819399833679e-02</internalNodes>
          <leafValues>
            4.4379225373268127e-01 -9.6502113342285156e-01</leafValues></_>
        <_>
          <internalNodes>
            0 -1 9 -2.4462006986141205e-02</internalNodes>
          <leafValues>
            3.1964322924613953e-01 -9.3384826183319092e-01</leafValues></_>
        <_>
          <internalNodes>
            0 -1 25 1.1354181915521622e-02</internalNodes>
          <leafValues>
            -1. 2.6371821761131287e-01</leafValues></_></weakClassifiers></_>
    <!-- stage 2 -->
    <_>
      <maxWeakCount>4</maxWeakCount>
      <stageThreshold>-2.6717207431793213e+00</stageThreshold>
      <weakClassifiers>
        <_>
          <internalNodes>
            0 -1 1 -4.8990603536367416e-02</internalNodes>
          <leafValues>
            -8.3333335816860199e-02 -9.8663991689682007e-01</leafValues></_>
        <_>
          <internalNodes>
            0 -1 11 -3.1250521540641785e-02</internalNodes>
          <leafValues>
            1.1687898635864258e-01 -9.6691042184829712e-01</leafValues></_>
        <_>
          <internalNodes>
            0 -1 17 -7.1607336401939392e-02</internalNodes>
          <leafValues>
            2.1557655930519104e-01 -9.3341767787933350e-01</leafValues></_>
        <_>
          <internalNodes>
            0 -1 16 -1.9801177084445953e-02</internalNodes>
          <leafValues>
            2.1524718403816223e-01 -9.8107445240020752e-01</leafValues></_></weakClassifiers></_>
    <!-- stage 3 -->
    <_>
      <maxWeakCount>4</maxWeakCount>
      <stageThreshold>-2.4904403686523438e+00</stageThreshold>
      <weakClassifiers>
        <_>
          <internalNodes>
            0 -1 7 2.5074498262256384e-03</internalNodes>
          <leafValues>
            -9.9712848663330078e-01 -7.0312500000000000e-01</leafValues></_>
        <_>
          <internalNodes>
            0 -1 7 2.5074498262256384e-03</internalNodes>
          <leafValues>
            -9.7909432649612427e-01 -1.6870114207267761e-01</leafValues></_>
        <_>
          <internalNodes>
            0 -1 3 -3.0833154916763306e-01</internalNodes>
          <leafValues>
            5.1095485687255859e-01 -8.4308832883834839e-01</leafValues></_>
        <_>
          <internalNodes>
            0 -1 20 -2.0708644296973944e-03</internalNodes>
          <leafValues>
            3.2887071371078491e-01 -9.3506050109863281e-01</leafValues></_></weakClassifiers></_>
    <!-- stage 4 -->
    <_>
      <maxWeakCount>4</maxWeakCount>
      <stageThreshold>-2.6537096500396729e+00</stageThreshold>
      <weakClassifiers>
        <_>
          <internalNodes>
            0 -1 2 -1.9945815205574036e-01</internalNodes>
          <leafValues>
            -4.0540540218353271e-01 -9.8652291297912598e-01</leafValues></_>
        <_>
          <internalNodes>
            0 -1 7 2.6798811741173267e-03</internalNodes>
          <leafValues>
            -9.7442919015884399e-01 -7.0371460169553757e-03</leafValues></_>
        <_>
          <internalNodes>
            0 -1 9 -2.4831583723425865e-02</internalNodes>
          <leafValues>
            1.1342403292655945e-01 -9.3093496561050415e-01</leafValues></_>
        <_>
          <internalNodes>
            0 -1 21 3.9903721772134304e-03</internalNodes>
          <leafValues>
            -9.3866962194442749e-01 2.3817746341228485e-01</leafValues></_></weakClassifiers></_>
    <!-- stage 5 -->
    <_>
      <maxWeakCount>4</maxWeakCount>
      <stageThreshold>-2.6333069801330566e+00</stageThreshold>
      <weakClassifiers>
        <_>
          <internalNodes>
            0 -1 8 -5.6994843482971191e-01</internalNodes>
          <leafValues>
            -6.6666670143604279e-02 -9.8140770196914673e-01</leafValues></_>
        <_>
          <internalNodes>
            0 -1 14 -3.0537045001983643e-01</internalNodes>
          <leafValues>
            -5.4182745516300201e-02 -9.7978514432907104e-01</leafValues></_>
        <_>
          <internalNodes>
            0 -1 23 -4.4918864965438843e-02</internalNodes>
          <leafValues>
            5.6627911329269409e-01 -8.5882276296615601e-01</leafValues></_>
        <_>
          <internalNodes>
            0 -1 19 -1.0523293167352676e-02</internalNodes>
          <leafValues>
            1.8670850992202759e-01 -1.</leafValues></_></weakClassifiers></_>
    <!-- stage 6 -->
    <_>
      <maxWeakCount>4</maxWeakCount>
      <stageThreshold>-2.4338088035583496e+00</stageThreshold>
      <weakClassifiers>
        <_>
          <internalNodes>
            0 -1 24 -1.2384916841983795e-01</internalNodes>
          <leafValues>
            1. -9.7498351335525513e-01</leafValues></_>
        <_>
          <internalNodes>
            0 -1 6 1.3733875006437302e-02</internalNodes>
          <leafValues>
            -9.6998703479766846e-01 -1.5515947714447975e-02</leafValues></_>
        <_>
          <internalNodes>
            0 -1 4 -2.2092232108116150e-01</internalNodes>
          <leafValues>
            4.5178207755088806e-01 -8.5793352127075195e-01</leafValues></_>
        <_>
          <internalNodes>
            0 -1 18 -2.1448093466460705e-03</internalNodes>
          <leafValues>
            3.6909532546997070e-01 -8.1443560123443604e-01</leafValues></_></weakClassifiers></_>
    <!-- stage 7 -->
    <_>
      <maxWeakCount>4</maxWeakCount>
      <stageThreshold>-2.4770097732543945e+00</stageThreshold>
      <weakClassifiers>
        <_>
          <internalNodes>
            0 -1 15 -8.1841610372066498e-02</internalNodes>
          <leafValues>
            1. -9.7628456354141235e-01</leafValues></_>
        <_>
          <internalNodes>
            0 -1 1 -4.1192397475242615e-02</internalNodes>
          <leafValues>
            1.8394170701503754e-01 -9.6139252185821533e-01</leafValues></_>
        <_>
          <internalNodes>
            0 -1 5 -2.4782073497772217e-01</internalNodes>
          <leafValues>
            2.3834845423698425e-01 -8.9555490016937256e-01</leafValues></_>
        <_>
          <internalNodes>
            0 -1 26 -9.6337227150797844e-03</internalNodes>
          <leafValues>
            3.5622218251228333e-01 -7.9598504304885864e-01</leafValues></_></weakClassifiers></_></stages>
  <features>
    <_>
      <rects>
        <_>
          0 1 8 4 -1.</_>
        <_>
          0 1 4 2 2.</_>
        <_>
          4 3 4 2 2.</_></rects>
      <tilted>0</tilted></_>
    <_>
      <rects>
        <_>
          0 1 10 4 -1.</_>
        <_>
          0 1 5 2 2.</_>
        <_>
          5 3 5 2 2.</_></rects>
      <tilted>0</tilted></_>
    <_>
      <rects>
        <_>
          0 1 20 8 -1.</_>
        <_>
          0 1 10 4 2.</_>
        <_>
          10 5 10 4 2.</_></rects>
      <tilted>0</tilted></_>
    <_>
      <rects>
        <_>
          0 6 18 9 -1.</_>
        <_>
          9 6 9 9 2.</_></rects>
      <tilted>0</tilted></_>
    <_>
      <rects>
        <_>
          0 6 20 6 -1.</_>
        <_>
          10 6 10 6 2.</_></rects>
      <tilted>0</tilted></_>
    <_>
      <rects>
        <_>
          0 12 16 11 -1.</_>
        <_>
          8 12 8 11 2.</_></rects>
      <tilted>0</tilted></_>
    <_>
      <rects>
        <_>
          1 1 2 4 -1.</_>
        <_>
          1 3 2 2 2.</_></rects>
      <tilted>0</tilted></_>
    <_>
      <rects>
        <_>
          1 2 1 2 -1.</_>
        <_>
          1 3 1 1 2.</_></rects>
      <tilted>0</tilted></_>
    <_>
      <rects>
        <_>
          1 5 20 18 -1.</_>
        <_>
          11 5 10 18 2.</_></rects>
      <tilted>0</tilted></_>
    <_>
      <rects>
        <_>
          2 0 4 6 -1.</_>
        <_>
          2 2 4 2 3.</_></rects>
      <tilted>0</tilted></_>
    <_>
      <rects>
        <_>
          2 1 10 6 -1.</_>
        <_>
          2 1 5 3 2.</_>
        <_>
          7 4 5 3 2.</_></rects>
      <tilted>0</tilted></_>
    <_>
      <rects>
        <_>
          2 2 8 4 -1.</_>
        <_>
          2 2 4 2 2.</_>
        <_>
          6 4 4 2 2.</_></rects>
      <tilted>0</tilted></_>
    <_>
      <rects>
        <_>
          2 2 14 8 -1.</_>
        <_>
          2 2 7 4 2.</_>
        <_>
          9 6 7 4 2.</_></rects>
      <tilted>0</tilted></_>
    <_>
      <rects>
        <_>
          2 6 12 12 -1.</_>
        <_>
          8 6 6 12 2.</_></rects>
      <tilted>0</tilted></_>
    <_>
      <rects>
        <_>
          2 8 14 16 -1.</_>
        <_>
          9 8 7 16 2.</_></rects>
      <tilted>0</tilted></_>
    <_>
      <rects>
        <_>
          2 13 6 9 -1.</_>
        <_>
          5 13 3 9 2.</_></rects>
      <tilted>0</tilted></_>
    <_>
      <rects>
        <_>
          3 13 18 9 -1.</_>
        <_>
          3 16 18 3 3.</_></rects>
      <tilted>0</tilted></_>
    <_>
      <rects>
        <_>
          5 1 8 12 -1.</_>
        <_>
          5 1 4 6 2.</_>
        <_>
          9 7 4 6 2.</_></rects>
      <tilted>0</tilted></_>
    <_>
      <rects>
        <_>
          7 8 4 3 -1.</_>
        <_>
          7 9 4 1 3.</_></rects>
      <tilted>0</tilted></_>
    <_>
      <rects>
        <_>
          7 19 12 5 -1.</_>
        <_>
          11 19 4 5 3.</_></rects>
      <tilted>0</tilted></_>
    <_>
      <rects>
        <_>
          8 4 2 6 -1.</_>
        <_>
          8 4 1 3 2.</_>
        <_>
          9 7 1 3 2.</_></rects>
      <tilted>0</tilted></_>
    <_>
      <rects>
        <_>
          10 3 6 10 -1.</_>
        <_>
          12 3 2 10 3.</_></rects>
      <tilted>0</tilted></_>
    <_>
      <rects>
        <_>
          12 3 4 2 -1.</_>
        <_>
          12 3 2 1 2.</_>
        <_>
          14 4 2 1 2.</_></rects>
      <tilted>0</tilted></_>
    <_>
      <rects>
        <_>
          16 1 3 10 -1.</_>
        <_>
          16 6 3 5 2.</_></rects>
      <tilted>0</tilted></_>
    <_>
      <rects>
        <_>
          16 11 6 12 -1.</_>
        <_>
          16 17 6 6 2.</_></rects>
      <tilted>0</tilted></_>
    <_>
      <rects>
        <_>
          17 2 4 15 -1.</_>
        <_>
          19 2 2 15 2.</_></rects>
      <tilted>0</tilted></_>
    <_>
      <rects>
        <_>
          20 4 4 14 -1.</_>
        <_>
          20 4 2 7 2.</_>
        <_>
          22 11 2 7 2.</_></rects>
      <tilted>0</tilted></_></features></cascade>
</opencv_storage>
