<?xml version="1.0"?>
<opencv_storage>
<myhaar type_id="opencv-haar-classifier">
  <size>
    24 24</size>
  <stages>
    <_>
      <trees>
        <_>
          <_>
            <feature>
              <rects>
                <_>
                  5 5 10 5 -1.</_>
                <_>
                  5 5 5 5 2.</_></rects>
              <tilted>1</tilted></feature>
            <threshold>0.1499813944101334</threshold>
            <left_val>-1.</left_val>
            <right_val>0.9736757278442383</right_val></_></_></trees>
      <stage_threshold>0.9736757278442383</stage_threshold>
      <parent>-1</parent>
      <next>-1</next></_>
    <_>
      <trees>
        <_>
          <_>
            <feature>
              <rects>
                <_>
                  4 5 16 6 -1.</_>
                <_>
                  4 5 8 3 2.</_>
                <_>
                  12 8 8 3 2.</_></rects>
              <tilted>0</tilted></feature>
            <threshold>-0.0300428196787834</threshold>
            <left_val>0.9148939251899719</left_val>
            <right_val>-0.9999940991401672</right_val></_></_></trees>
      <stage_threshold>0.9148939251899719</stage_threshold>
      <parent>0</parent>
      <next>-1</next></_>
    <_>
      <trees>
        <_>
          <_>
            <feature>
              <rects>
                <_>
                  1 9 6 15 -1.</_>
                <_>
                  4 9 3 15 2.</_></rects>
              <tilted>0</tilted></feature>
            <threshold>-0.0422000885009766</threshold>
            <left_val>0.7647063136100769</left_val>
            <right_val>-0.9262871146202087</right_val></_></_>
        <_>
          <_>
            <feature>
              <rects>
                <_>
                  12 3 2 9 -1.</_>
                <_>
                  9 6 2 3 3.</_></rects>
              <tilted>1</tilted></feature>
            <threshold>5.0445240922272205e-003</threshold>
            <left_val>-0.4481725990772247</left_val>
            <right_val>0.1612540930509567</right_val></_></_>
        <_>
          <_>
            <feature>
              <rects>
                <_>
                  12 3 9 2 -1.</_>
                <_>
                  15 6 3 2 3.</_></rects>
              <tilted>1</tilted></feature>
            <threshold>0.0316630303859711</threshold>
            <left_val>-0.9476336240768433</left_val>
            <right_val>0.7818018198013306</right_val></_></_></trees>
      <stage_threshold>-0.0216731391847134</stage_threshold>
      <parent>1</parent>
      <next>-1</next></_>
    <_>
      <trees>
        <_>
          <_>
            <feature>
              <rects>
                <_>
                  2 6 16 13 -1.</_>
                <_>
                  6 6 8 13 2.</_></rects>
              <tilted>0</tilted></feature>
            <threshold>-0.1124543026089668</threshold>
            <left_val>0.8087319731712341</left_val>
            <right_val>-0.9283980727195740</right_val></_></_>
        <_>
          <_>
            <feature>
              <rects>
                <_>
                  15 2 6 4 -1.</_>
                <_>
                  15 4 6 2 2.</_></rects>
              <tilted>0</tilted></feature>
            <threshold>8.9121013879776001e-003</threshold>
            <left_val>0.0399055592715740</left_val>
            <right_val>-0.5420876741409302</right_val></_></_>
        <_>
          <_>
            <feature>
              <rects>
                <_>
                  3 2 6 4 -1.</_>
                <_>
                  3 4 6 2 2.</_></rects>
              <tilted>0</tilted></feature>
            <threshold>3.3978940919041634e-003</threshold>
            <left_val>-1.</left_val>
            <right_val>0.6252148747444153</right_val></_></_></trees>
      <stage_threshold>-0.2632775902748108</stage_threshold>
      <parent>2</parent>
      <next>-1</next></_>
    <_>
      <trees>
        <_>
          <_>
            <feature>
              <rects>
                <_>
                  3 3 14 1 -1.</_>
                <_>
                  3 3 7 1 2.</_></rects>
              <tilted>1</tilted></feature>
            <threshold>0.0526647493243217</threshold>
            <left_val>-0.8429316282272339</left_val>
            <right_val>0.6216176152229309</right_val></_></_>
        <_>
          <_>
            <feature>
              <rects>
                <_>
                  12 5 3 4 -1.</_>
                <_>
                  13 6 1 4 3.</_></rects>
              <tilted>1</tilted></feature>
            <threshold>1.6464999644085765e-003</threshold>
            <left_val>0.3907308876514435</left_val>
            <right_val>-0.6052749156951904</right_val></_></_></trees>
      <stage_threshold>-0.4522007107734680</stage_threshold>
      <parent>3</parent>
      <next>-1</next></_>
    <_>
      <trees>
        <_>
          <_>
            <feature>
              <rects>
                <_>
                  12 5 4 3 -1.</_>
                <_>
                  11 6 4 1 3.</_></rects>
              <tilted>1</tilted></feature>
            <threshold>-7.4169947765767574e-003</threshold>
            <left_val>0.7410719990730286</left_val>
            <right_val>-0.7345116138458252</right_val></_></_>
        <_>
          <_>
            <feature>
              <rects>
                <_>
                  0 12 24 2 -1.</_>
                <_>
                  6 12 12 2 2.</_></rects>
              <tilted>0</tilted></feature>
            <threshold>-0.0558579787611961</threshold>
            <left_val>0.7463209033012390</left_val>
            <right_val>-0.8076558709144592</right_val></_></_></trees>
      <stage_threshold>-0.0665838718414307</stage_threshold>
      <parent>4</parent>
      <next>-1</next></_>
    <_>
      <trees>
        <_>
          <_>
            <feature>
              <rects>
                <_>
                  7 6 10 10 -1.</_>
                <_>
                  7 11 10 5 2.</_></rects>
              <tilted>0</tilted></feature>
            <threshold>-0.0985811576247215</threshold>
            <left_val>0.5100672841072083</left_val>
            <right_val>-0.9999945163726807</right_val></_></_></trees>
      <stage_threshold>0.5100672841072083</stage_threshold>
      <parent>5</parent>
      <next>-1</next></_></stages></myhaar>
</opencv_storage>
