<?xml version="1.0"?>
<opencv_storage>
<cascade>
  <stageType>BOOST</stageType>
  <featureType>HAAR</featureType>
  <height>70</height>
  <width>70</width>
  <stageParams>
    <boostType>GAB</boostType>
    <minHitRate>9.9500000476837158e-01</minHitRate>
    <maxFalseAlarm>5.0000000000000000e-01</maxFalseAlarm>
    <weightTrimRate>9.4999999999999996e-01</weightTrimRate>
    <maxDepth>1</maxDepth>
    <maxWeakCount>100</maxWeakCount></stageParams>
  <featureParams>
    <maxCatCount>0</maxCatCount>
    <featSize>1</featSize>
    <mode>BASIC</mode></featureParams>
  <stageNum>9</stageNum>
  <stages>
    <!-- stage 0 -->
    <_>
      <maxWeakCount>2</maxWeakCount>
      <stageThreshold>-1.0916740447282791e-01</stageThreshold>
      <weakClassifiers>
        <_>
          <internalNodes>
            0 -1 11 6.3917428255081177e-02</internalNodes>
          <leafValues>
            -8.8065844774246216e-01 9.1518735885620117e-01</leafValues></_>
        <_>
          <internalNodes>
            0 -1 25 7.3879435658454895e-02</internalNodes>
          <leafValues>
            -9.1188818216323853e-01 7.7149105072021484e-01</leafValues></_></weakClassifiers></_>
    <!-- stage 1 -->
    <_>
      <maxWeakCount>2</maxWeakCount>
      <stageThreshold>-1.0303439199924469e-01</stageThreshold>
      <weakClassifiers>
        <_>
          <internalNodes>
            0 -1 7 1.1986011266708374e-01</internalNodes>
          <leafValues>
            -6.2049335241317749e-01 8.4994858503341675e-01</leafValues></_>
        <_>
          <internalNodes>
            0 -1 19 2.8867683795397170e-05</internalNodes>
          <leafValues>
            5.4491639137268066e-01 -9.5298302173614502e-01</leafValues></_></weakClassifiers></_>
    <!-- stage 2 -->
    <_>
      <maxWeakCount>2</maxWeakCount>
      <stageThreshold>-3.7304592132568359e-01</stageThreshold>
      <weakClassifiers>
        <_>
          <internalNodes>
            0 -1 19 -2.2378664652933367e-05</internalNodes>
          <leafValues>
            -9.6675902605056763e-01 7.4539071321487427e-01</leafValues></_>
        <_>
          <internalNodes>
            0 -1 10 1.3773101568222046e-01</internalNodes>
          <leafValues>
            -7.6034873723983765e-01 5.9371310472488403e-01</leafValues></_></weakClassifiers></_>
    <!-- stage 3 -->
    <_>
      <maxWeakCount>5</maxWeakCount>
      <stageThreshold>-6.7974436283111572e-01</stageThreshold>
      <weakClassifiers>
        <_>
          <internalNodes>
            0 -1 9 -1.1498085223138332e-02</internalNodes>
          <leafValues>
            7.0377272367477417e-01 -5.9906214475631714e-01</leafValues></_>
        <_>
          <internalNodes>
            0 -1 33 1.9328916096128523e-05</internalNodes>
          <leafValues>
            4.2673540115356445e-01 -9.2491221427917480e-01</leafValues></_>
        <_>
          <internalNodes>
            0 -1 34 -1.1239024388487451e-05</internalNodes>
          <leafValues>
            -8.9416873455047607e-01 4.2150294780731201e-01</leafValues></_>
        <_>
          <internalNodes>
            0 -1 12 1.1109635233879089e-01</internalNodes>
          <leafValues>
            -9.0186041593551636e-01 1.7471334338188171e-01</leafValues></_>
        <_>
          <internalNodes>
            0 -1 16 -7.5173578807152808e-05</internalNodes>
          <leafValues>
            -9.8006135225296021e-01 2.1203774213790894e-01</leafValues></_></weakClassifiers></_>
    <!-- stage 4 -->
    <_>
      <maxWeakCount>5</maxWeakCount>
      <stageThreshold>-1.1235744953155518e+00</stageThreshold>
      <weakClassifiers>
        <_>
          <internalNodes>
            0 -1 17 1.9977658666903153e-05</internalNodes>
          <leafValues>
            5.9302794933319092e-01 -8.6866790056228638e-01</leafValues></_>
        <_>
          <internalNodes>
            0 -1 8 5.0570890307426453e-02</internalNodes>
          <leafValues>
            -7.4826401472091675e-01 4.2984661459922791e-01</leafValues></_>
        <_>
          <internalNodes>
            0 -1 18 -1.7710086467559449e-05</internalNodes>
          <leafValues>
            -9.4475203752517700e-01 3.1731951236724854e-01</leafValues></_>
        <_>
          <internalNodes>
            0 -1 0 3.8316100835800171e-03</internalNodes>
          <leafValues>
            -4.4854086637496948e-01 6.4332330226898193e-01</leafValues></_>
        <_>
          <internalNodes>
            0 -1 23 1.3700283489015419e-05</internalNodes>
          <leafValues>
            3.3455389738082886e-01 -8.3711707592010498e-01</leafValues></_></weakClassifiers></_>
    <!-- stage 5 -->
    <_>
      <maxWeakCount>5</maxWeakCount>
      <stageThreshold>-6.4802408218383789e-01</stageThreshold>
      <weakClassifiers>
        <_>
          <internalNodes>
            0 -1 27 -1.5922076272545382e-05</internalNodes>
          <leafValues>
            -9.0283399820327759e-01 5.7701516151428223e-01</leafValues></_>
        <_>
          <internalNodes>
            0 -1 2 2.1226165699772537e-04</internalNodes>
          <leafValues>
            -7.7545988559722900e-01 3.6887058615684509e-01</leafValues></_>
        <_>
          <internalNodes>
            0 -1 30 7.0181704359129071e-06</internalNodes>
          <leafValues>
            2.6563346385955811e-01 -8.9940857887268066e-01</leafValues></_>
        <_>
          <internalNodes>
            0 -1 21 8.7376773357391357e-02</internalNodes>
          <leafValues>
            -6.1632382869720459e-01 3.9787855744361877e-01</leafValues></_>
        <_>
          <internalNodes>
            0 -1 28 2.1997955627739429e-05</internalNodes>
          <leafValues>
            2.3662970960140228e-01 -8.5868448019027710e-01</leafValues></_></weakClassifiers></_>
    <!-- stage 6 -->
    <_>
      <maxWeakCount>6</maxWeakCount>
      <stageThreshold>-7.8356355428695679e-01</stageThreshold>
      <weakClassifiers>
        <_>
          <internalNodes>
            0 -1 32 2.1564651280641556e-02</internalNodes>
          <leafValues>
            -8.0392158031463623e-01 5.6626504659652710e-01</leafValues></_>
        <_>
          <internalNodes>
            0 -1 28 -7.7971872087800875e-06</internalNodes>
          <leafValues>
            -8.3569103479385376e-01 3.4969055652618408e-01</leafValues></_>
        <_>
          <internalNodes>
            0 -1 24 -5.7871441822499037e-04</internalNodes>
          <leafValues>
            2.9243510961532593e-01 -8.3333998918533325e-01</leafValues></_>
        <_>
          <internalNodes>
            0 -1 31 -1.6882349882507697e-05</internalNodes>
          <leafValues>
            -8.9273387193679810e-01 2.3592548072338104e-01</leafValues></_>
        <_>
          <internalNodes>
            0 -1 1 6.5715424716472626e-03</internalNodes>
          <leafValues>
            -3.7982738018035889e-01 6.5706950426101685e-01</leafValues></_>
        <_>
          <internalNodes>
            0 -1 39 -1.6421023756265640e-03</internalNodes>
          <leafValues>
            6.7314565181732178e-01 -3.8898754119873047e-01</leafValues></_></weakClassifiers></_>
    <!-- stage 7 -->
    <_>
      <maxWeakCount>8</maxWeakCount>
      <stageThreshold>-8.1315803527832031e-01</stageThreshold>
      <weakClassifiers>
        <_>
          <internalNodes>
            0 -1 3 3.8497069908771664e-05</internalNodes>
          <leafValues>
            -7.6771652698516846e-01 5.5778491497039795e-01</leafValues></_>
        <_>
          <internalNodes>
            0 -1 29 1.1355024980730377e-05</internalNodes>
          <leafValues>
            2.5208422541618347e-01 -8.7932187318801880e-01</leafValues></_>
        <_>
          <internalNodes>
            0 -1 14 5.9508811682462692e-03</internalNodes>
          <leafValues>
            -7.3987400531768799e-01 2.6171556115150452e-01</leafValues></_>
        <_>
          <internalNodes>
            0 -1 29 -6.7695991674554534e-06</internalNodes>
          <leafValues>
            -7.9258370399475098e-01 2.7575066685676575e-01</leafValues></_>
        <_>
          <internalNodes>
            0 -1 37 -1.2362933193799108e-04</internalNodes>
          <leafValues>
            1.6646911203861237e-01 -8.4642356634140015e-01</leafValues></_>
        <_>
          <internalNodes>
            0 -1 13 8.1599578261375427e-02</internalNodes>
          <leafValues>
            -8.2667529582977295e-01 1.6418275237083435e-01</leafValues></_>
        <_>
          <internalNodes>
            0 -1 38 -4.7817863523960114e-03</internalNodes>
          <leafValues>
            6.1432480812072754e-01 -3.0550125241279602e-01</leafValues></_>
        <_>
          <internalNodes>
            0 -1 22 -2.8560818464029580e-05</internalNodes>
          <leafValues>
            -7.8936487436294556e-01 2.3451356589794159e-01</leafValues></_></weakClassifiers></_>
    <!-- stage 8 -->
    <_>
      <maxWeakCount>8</maxWeakCount>
      <stageThreshold>-9.3694132566452026e-01</stageThreshold>
      <weakClassifiers>
        <_>
          <internalNodes>
            0 -1 6 -2.0642589788621990e-06</internalNodes>
          <leafValues>
            5.2982729673385620e-01 -7.7433627843856812e-01</leafValues></_>
        <_>
          <internalNodes>
            0 -1 4 -4.3653892353177071e-03</internalNodes>
          <leafValues>
            3.7813779711723328e-01 -6.2678533792495728e-01</leafValues></_>
        <_>
          <internalNodes>
            0 -1 36 -8.6670524979126640e-06</internalNodes>
          <leafValues>
            -7.6011747121810913e-01 2.8025841712951660e-01</leafValues></_>
        <_>
          <internalNodes>
            0 -1 26 4.4385012006387115e-04</internalNodes>
          <leafValues>
            -4.7542569041252136e-01 3.8018661737442017e-01</leafValues></_>
        <_>
          <internalNodes>
            0 -1 35 8.9022487372858450e-06</internalNodes>
          <leafValues>
            2.4540480971336365e-01 -8.8599550724029541e-01</leafValues></_>
        <_>
          <internalNodes>
            0 -1 5 7.1268185973167419e-02</internalNodes>
          <leafValues>
            -5.4535824060440063e-01 3.3316752314567566e-01</leafValues></_>
        <_>
          <internalNodes>
            0 -1 15 1.8247416301164776e-04</internalNodes>
          <leafValues>
            -3.3758783340454102e-01 4.7809842228889465e-01</leafValues></_>
        <_>
          <internalNodes>
            0 -1 20 -1.5111507309484296e-05</internalNodes>
          <leafValues>
            -9.3668299913406372e-01 1.7748883366584778e-01</leafValues></_></weakClassifiers></_></stages>
  <features>
    <_>
      <rects>
        <_>
          0 9 6 46 -1.</_>
        <_>
          0 9 3 23 2.</_>
        <_>
          3 32 3 23 2.</_></rects>
      <tilted>0</tilted></_>
    <_>
      <rects>
        <_>
          0 35 6 28 -1.</_>
        <_>
          3 35 3 28 2.</_></rects>
      <tilted>0</tilted></_>
    <_>
      <rects>
        <_>
          0 54 45 2 -1.</_>
        <_>
          15 54 15 2 3.</_></rects>
      <tilted>0</tilted></_>
    <_>
      <rects>
        <_>
          0 54 56 1 -1.</_>
        <_>
          28 54 28 1 2.</_></rects>
      <tilted>0</tilted></_>
    <_>
      <rects>
        <_>
          11 64 45 6 -1.</_>
        <_>
          11 67 45 3 2.</_></rects>
      <tilted>0</tilted></_>
    <_>
      <rects>
        <_>
          15 40 46 24 -1.</_>
        <_>
          15 48 46 8 3.</_></rects>
      <tilted>0</tilted></_>
    <_>
      <rects>
        <_>
          16 54 54 2 -1.</_>
        <_>
          43 54 27 2 2.</_></rects>
      <tilted>0</tilted></_>
    <_>
      <rects>
        <_>
          17 37 36 33 -1.</_>
        <_>
          17 48 36 11 3.</_></rects>
      <tilted>0</tilted></_>
    <_>
      <rects>
        <_>
          17 40 39 24 -1.</_>
        <_>
          17 48 39 8 3.</_></rects>
      <tilted>0</tilted></_>
    <_>
      <rects>
        <_>
          19 60 35 10 -1.</_>
        <_>
          19 65 35 5 2.</_></rects>
      <tilted>0</tilted></_>
    <_>
      <rects>
        <_>
          20 25 31 38 -1.</_>
        <_>
          20 44 31 19 2.</_></rects>
      <tilted>0</tilted></_>
    <_>
      <rects>
        <_>
          21 37 30 33 -1.</_>
        <_>
          21 48 30 11 3.</_></rects>
      <tilted>0</tilted></_>
    <_>
      <rects>
        <_>
          22 17 23 50 -1.</_>
        <_>
          22 42 23 25 2.</_></rects>
      <tilted>0</tilted></_>
    <_>
      <rects>
        <_>
          23 8 25 52 -1.</_>
        <_>
          23 34 25 26 2.</_></rects>
      <tilted>0</tilted></_>
    <_>
      <rects>
        <_>
          23 42 24 8 -1.</_>
        <_>
          23 46 24 4 2.</_></rects>
      <tilted>0</tilted></_>
    <_>
      <rects>
        <_>
          25 16 14 1 -1.</_>
        <_>
          32 16 7 1 2.</_></rects>
      <tilted>0</tilted></_>
    <_>
      <rects>
        <_>
          25 53 16 3 -1.</_>
        <_>
          33 53 8 3 2.</_></rects>
      <tilted>0</tilted></_>
    <_>
      <rects>
        <_>
          25 54 16 1 -1.</_>
        <_>
          33 54 8 1 2.</_></rects>
      <tilted>0</tilted></_>
    <_>
      <rects>
        <_>
          25 54 18 1 -1.</_>
        <_>
          34 54 9 1 2.</_></rects>
      <tilted>0</tilted></_>
    <_>
      <rects>
        <_>
          26 53 14 1 -1.</_>
        <_>
          33 53 7 1 2.</_></rects>
      <tilted>0</tilted></_>
    <_>
      <rects>
        <_>
          26 54 12 1 -1.</_>
        <_>
          32 54 6 1 2.</_></rects>
      <tilted>0</tilted></_>
    <_>
      <rects>
        <_>
          28 39 28 30 -1.</_>
        <_>
          28 49 28 10 3.</_></rects>
      <tilted>0</tilted></_>
    <_>
      <rects>
        <_>
          30 53 12 5 -1.</_>
        <_>
          36 53 6 5 2.</_></rects>
      <tilted>0</tilted></_>
    <_>
      <rects>
        <_>
          30 53 14 4 -1.</_>
        <_>
          37 53 7 4 2.</_></rects>
      <tilted>0</tilted></_>
    <_>
      <rects>
        <_>
          30 56 3 14 -1.</_>
        <_>
          30 63 3 7 2.</_></rects>
      <tilted>0</tilted></_>
    <_>
      <rects>
        <_>
          32 16 17 48 -1.</_>
        <_>
          32 40 17 24 2.</_></rects>
      <tilted>0</tilted></_>
    <_>
      <rects>
        <_>
          32 21 16 6 -1.</_>
        <_>
          40 21 8 6 2.</_></rects>
      <tilted>0</tilted></_>
    <_>
      <rects>
        <_>
          32 55 12 1 -1.</_>
        <_>
          38 55 6 1 2.</_></rects>
      <tilted>0</tilted></_>
    <_>
      <rects>
        <_>
          33 51 5 6 -1.</_>
        <_>
          33 53 5 2 3.</_></rects>
      <tilted>0</tilted></_>
    <_>
      <rects>
        <_>
          33 53 3 6 -1.</_>
        <_>
          33 56 3 3 2.</_></rects>
      <tilted>0</tilted></_>
    <_>
      <rects>
        <_>
          33 55 10 1 -1.</_>
        <_>
          38 55 5 1 2.</_></rects>
      <tilted>0</tilted></_>
    <_>
      <rects>
        <_>
          34 53 2 6 -1.</_>
        <_>
          34 56 2 3 2.</_></rects>
      <tilted>0</tilted></_>
    <_>
      <rects>
        <_>
          36 31 9 28 -1.</_>
        <_>
          36 45 9 14 2.</_></rects>
      <tilted>0</tilted></_>
    <_>
      <rects>
        <_>
          36 52 3 6 -1.</_>
        <_>
          36 54 3 2 3.</_></rects>
      <tilted>0</tilted></_>
    <_>
      <rects>
        <_>
          36 52 4 6 -1.</_>
        <_>
          36 54 4 2 3.</_></rects>
      <tilted>0</tilted></_>
    <_>
      <rects>
        <_>
          37 52 10 4 -1.</_>
        <_>
          42 52 5 4 2.</_></rects>
      <tilted>0</tilted></_>
    <_>
      <rects>
        <_>
          38 55 10 1 -1.</_>
        <_>
          43 55 5 1 2.</_></rects>
      <tilted>0</tilted></_>
    <_>
      <rects>
        <_>
          47 52 6 18 -1.</_>
        <_>
          47 61 6 9 2.</_></rects>
      <tilted>0</tilted></_>
    <_>
      <rects>
        <_>
          64 36 6 24 -1.</_>
        <_>
          67 36 3 24 2.</_></rects>
      <tilted>0</tilted></_>
    <_>
      <rects>
        <_>
          64 40 6 14 -1.</_>
        <_>
          67 40 3 14 2.</_></rects>
      <tilted>0</tilted></_></features></cascade>
</opencv_storage>
