<?xml version="1.0"?>
<opencv_storage>
<myhaar type_id="opencv-haar-classifier">
  <size>
    24 24</size>
  <stages>
    <_>
      <trees>
        <_>
          <_>
            <feature>
              <rects>
                <_>
                  1 2 6 1 -1.</_>
                <_>
                  3 4 2 1 3.</_></rects>
              <tilted>1</tilted></feature>
            <threshold>-0.0172999296337366</threshold>
            <left_val>1.</left_val>
            <right_val>-1.</right_val></_></_></trees>
      <stage_threshold>1.</stage_threshold>
      <parent>-1</parent>
      <next>-1</next></_>
    <_>
      <trees>
        <_>
          <_>
            <feature>
              <rects>
                <_>
                  0 0 10 2 -1.</_>
                <_>
                  0 1 10 1 2.</_></rects>
              <tilted>0</tilted></feature>
            <threshold>-6.1993380077183247e-003</threshold>
            <left_val>1.</left_val>
            <right_val>-1.</right_val></_></_></trees>
      <stage_threshold>1.</stage_threshold>
      <parent>0</parent>
      <next>-1</next></_>
    <_>
      <trees>
        <_>
          <_>
            <feature>
              <rects>
                <_>
                  1 12 15 2 -1.</_>
                <_>
                  6 12 5 2 3.</_></rects>
              <tilted>0</tilted></feature>
            <threshold>-0.0172596406191587</threshold>
            <left_val>1.</left_val>
            <right_val>-1.</right_val></_></_></trees>
      <stage_threshold>1.</stage_threshold>
      <parent>1</parent>
      <next>-1</next></_>
    <_>
      <trees>
        <_>
          <_>
            <feature>
              <rects>
                <_>
                  11 11 12 1 -1.</_>
                <_>
                  15 15 4 1 3.</_></rects>
              <tilted>1</tilted></feature>
            <threshold>-0.0302622299641371</threshold>
            <left_val>1.</left_val>
            <right_val>-1.</right_val></_></_></trees>
      <stage_threshold>1.</stage_threshold>
      <parent>2</parent>
      <next>-1</next></_>
    <_>
      <trees>
        <_>
          <_>
            <feature>
              <rects>
                <_>
                  5 0 4 24 -1.</_>
                <_>
                  5 12 4 12 2.</_></rects>
              <tilted>0</tilted></feature>
            <threshold>-0.1118460968136787</threshold>
            <left_val>1.</left_val>
            <right_val>-1.</right_val></_></_></trees>
      <stage_threshold>1.</stage_threshold>
      <parent>3</parent>
      <next>-1</next></_></stages></myhaar>
</opencv_storage>
