<?xml version="1.0"?>
<opencv_storage>
<myhaar type_id="opencv-haar-classifier">
  <size>
    24 24</size>
  <stages>
    <_>
      <trees>
        <_>
          <_>
            <feature>
              <rects>
                <_>
                  8 0 6 8 -1.</_>
                <_>
                  8 0 6 4 2.</_></rects>
              <tilted>1</tilted></feature>
            <threshold>-0.0444128289818764</threshold>
            <left_val>0.7786566019058228</left_val>
            <right_val>-0.9999974966049194</right_val></_></_></trees>
      <stage_threshold>0.7786566019058228</stage_threshold>
      <parent>-1</parent>
      <next>-1</next></_>
    <_>
      <trees>
        <_>
          <_>
            <feature>
              <rects>
                <_>
                  4 4 16 20 -1.</_>
                <_>
                  4 14 16 10 2.</_></rects>
              <tilted>0</tilted></feature>
            <threshold>-0.1819687038660049</threshold>
            <left_val>0.7721524238586426</left_val>
            <right_val>-0.8591535091400147</right_val></_></_>
        <_>
          <_>
            <feature>
              <rects>
                <_>
                  12 3 1 12 -1.</_>
                <_>
                  12 3 1 6 2.</_></rects>
              <tilted>1</tilted></feature>
            <threshold>-0.0103970495983958</threshold>
            <left_val>0.1204006001353264</left_val>
            <right_val>-0.7265685200691223</right_val></_></_>
        <_>
          <_>
            <feature>
              <rects>
                <_>
                  12 4 12 1 -1.</_>
                <_>
                  12 4 6 1 2.</_></rects>
              <tilted>1</tilted></feature>
            <threshold>-0.0148492502048612</threshold>
            <left_val>0.6382793188095093</left_val>
            <right_val>-0.8280922174453735</right_val></_></_></trees>
      <stage_threshold>-0.1004737019538879</stage_threshold>
      <parent>0</parent>
      <next>-1</next></_>
    <_>
      <trees>
        <_>
          <_>
            <feature>
              <rects>
                <_>
                  1 7 19 12 -1.</_>
                <_>
                  1 13 19 6 2.</_></rects>
              <tilted>0</tilted></feature>
            <threshold>-0.0811156332492828</threshold>
            <left_val>0.7647063136100769</left_val>
            <right_val>-0.9262871742248535</right_val></_></_>
        <_>
          <_>
            <feature>
              <rects>
                <_>
                  17 11 5 8 -1.</_>
                <_>
                  17 15 5 4 2.</_></rects>
              <tilted>0</tilted></feature>
            <threshold>-6.8151708692312241e-003</threshold>
            <left_val>0.1871819943189621</left_val>
            <right_val>-0.4512310028076172</right_val></_></_>
        <_>
          <_>
            <feature>
              <rects>
                <_>
                  12 1 10 4 -1.</_>
                <_>
                  11 2 10 2 2.</_></rects>
              <tilted>1</tilted></feature>
            <threshold>-0.0181283298879862</threshold>
            <left_val>0.8788756132125855</left_val>
            <right_val>-0.5477008223533630</right_val></_></_></trees>
      <stage_threshold>-0.4986425936222076</stage_threshold>
      <parent>1</parent>
      <next>-1</next></_>
    <_>
      <trees>
        <_>
          <_>
            <feature>
              <rects>
                <_>
                  0 9 24 11 -1.</_>
                <_>
                  6 9 12 11 2.</_></rects>
              <tilted>0</tilted></feature>
            <threshold>-0.0850417017936707</threshold>
            <left_val>0.6141011118888855</left_val>
            <right_val>-0.9168953895568848</right_val></_></_>
        <_>
          <_>
            <feature>
              <rects>
                <_>
                  22 6 2 8 -1.</_>
                <_>
                  22 6 1 8 2.</_></rects>
              <tilted>0</tilted></feature>
            <threshold>-2.8360309079289436e-004</threshold>
            <left_val>-1.</left_val>
            <right_val>0.1877395063638687</right_val></_></_>
        <_>
          <_>
            <feature>
              <rects>
                <_>
                  0 0 2 16 -1.</_>
                <_>
                  0 0 1 8 2.</_>
                <_>
                  1 8 1 8 2.</_></rects>
              <tilted>0</tilted></feature>
            <threshold>8.2055281382054090e-004</threshold>
            <left_val>0.3949877023696899</left_val>
            <right_val>-1.0000009536743164</right_val></_></_></trees>
      <stage_threshold>-0.3341681957244873</stage_threshold>
      <parent>2</parent>
      <next>-1</next></_>
    <_>
      <trees>
        <_>
          <_>
            <feature>
              <rects>
                <_>
                  11 3 12 3 -1.</_>
                <_>
                  14 6 6 3 2.</_></rects>
              <tilted>1</tilted></feature>
            <threshold>0.0132020097225904</threshold>
            <left_val>0.5050175189971924</left_val>
            <right_val>-0.9999954104423523</right_val></_></_></trees>
      <stage_threshold>0.5050175189971924</stage_threshold>
      <parent>3</parent>
      <next>-1</next></_>
    <_>
      <trees>
        <_>
          <_>
            <feature>
              <rects>
                <_>
                  3 6 18 18 -1.</_>
                <_>
                  3 15 18 9 2.</_></rects>
              <tilted>0</tilted></feature>
            <threshold>-0.2602837979793549</threshold>
            <left_val>0.6182575225830078</left_val>
            <right_val>-0.7129166722297669</right_val></_></_>
        <_>
          <_>
            <feature>
              <rects>
                <_>
                  20 1 4 10 -1.</_>
                <_>
                  21 1 2 10 2.</_></rects>
              <tilted>0</tilted></feature>
            <threshold>-1.0526330443099141e-003</threshold>
            <left_val>-1.</left_val>
            <right_val>0.2307837009429932</right_val></_></_>
        <_>
          <_>
            <feature>
              <rects>
                <_>
                  0 1 4 13 -1.</_>
                <_>
                  1 1 2 13 2.</_></rects>
              <tilted>0</tilted></feature>
            <threshold>7.7247357694432139e-004</threshold>
            <left_val>0.3880003988742828</left_val>
            <right_val>-0.9999970197677612</right_val></_></_></trees>
      <stage_threshold>-0.0941326618194580</stage_threshold>
      <parent>4</parent>
      <next>-1</next></_>
    <_>
      <trees>
        <_>
          <_>
            <feature>
              <rects>
                <_>
                  2 1 2 16 -1.</_>
                <_>
                  3 1 1 16 2.</_></rects>
              <tilted>0</tilted></feature>
            <threshold>-5.0779039156623185e-005</threshold>
            <left_val>0.5053765177726746</left_val>
            <right_val>-0.8245565295219421</right_val></_></_>
        <_>
          <_>
            <feature>
              <rects>
                <_>
                  14 10 6 2 -1.</_>
                <_>
                  16 12 2 2 3.</_></rects>
              <tilted>1</tilted></feature>
            <threshold>2.2737749386578798e-003</threshold>
            <left_val>0.0954459831118584</left_val>
            <right_val>-0.6365293860435486</right_val></_></_>
        <_>
          <_>
            <feature>
              <rects>
                <_>
                  6 7 5 3 -1.</_>
                <_>
                  6 8 5 1 3.</_></rects>
              <tilted>0</tilted></feature>
            <threshold>3.8799361209385097e-004</threshold>
            <left_val>-0.9191467165946960</left_val>
            <right_val>0.4798797965049744</right_val></_></_></trees>
      <stage_threshold>-0.3183240890502930</stage_threshold>
      <parent>5</parent>
      <next>-1</next></_>
    <_>
      <trees>
        <_>
          <_>
            <feature>
              <rects>
                <_>
                  12 0 6 3 -1.</_>
                <_>
                  14 2 2 3 3.</_></rects>
              <tilted>1</tilted></feature>
            <threshold>-9.1633833944797516e-003</threshold>
            <left_val>0.5175096988677979</left_val>
            <right_val>-0.6891173720359802</right_val></_></_>
        <_>
          <_>
            <feature>
              <rects>
                <_>
                  14 1 6 21 -1.</_>
                <_>
                  16 8 2 7 9.</_></rects>
              <tilted>0</tilted></feature>
            <threshold>-0.1166722998023033</threshold>
            <left_val>-1.</left_val>
            <right_val>0.0505311004817486</right_val></_></_>
        <_>
          <_>
            <feature>
              <rects>
                <_>
                  3 23 12 1 -1.</_>
                <_>
                  9 23 6 1 2.</_></rects>
              <tilted>0</tilted></feature>
            <threshold>4.9180182395502925e-004</threshold>
            <left_val>-0.5910896062850952</left_val>
            <right_val>0.5931996107101440</right_val></_></_>
        <_>
          <_>
            <feature>
              <rects>
                <_>
                  12 3 9 11 -1.</_>
                <_>
                  15 3 3 11 3.</_></rects>
              <tilted>0</tilted></feature>
            <threshold>0.0242921300232410</threshold>
            <left_val>-0.1223376020789146</left_val>
            <right_val>0.3209981024265289</right_val></_></_>
        <_>
          <_>
            <feature>
              <rects>
                <_>
                  3 3 9 11 -1.</_>
                <_>
                  6 3 3 11 3.</_></rects>
              <tilted>0</tilted></feature>
            <threshold>0.0258838292211294</threshold>
            <left_val>-0.7167202234268189</left_val>
            <right_val>0.5649827718734741</right_val></_></_></trees>
      <stage_threshold>-0.7870308160781860</stage_threshold>
      <parent>6</parent>
      <next>-1</next></_>
    <_>
      <trees>
        <_>
          <_>
            <feature>
              <rects>
                <_>
                  12 0 12 12 -1.</_>
                <_>
                  12 0 12 6 2.</_></rects>
              <tilted>1</tilted></feature>
            <threshold>-0.1069208979606628</threshold>
            <left_val>-1.</left_val>
            <right_val>0.4062486886978149</right_val></_></_></trees>
      <stage_threshold>0.4062486886978149</stage_threshold>
      <parent>7</parent>
      <next>-1</next></_>
    <_>
      <trees>
        <_>
          <_>
            <feature>
              <rects>
                <_>
                  12 1 11 6 -1.</_>
                <_>
                  10 3 11 2 3.</_></rects>
              <tilted>1</tilted></feature>
            <threshold>-0.0634769126772881</threshold>
            <left_val>0.7341042160987854</left_val>
            <right_val>-0.4584831893444061</right_val></_></_>
        <_>
          <_>
            <feature>
              <rects>
                <_>
                  21 0 2 24 -1.</_>
                <_>
                  21 8 2 8 3.</_></rects>
              <tilted>0</tilted></feature>
            <threshold>4.5063528232276440e-003</threshold>
            <left_val>-0.9072474837303162</left_val>
            <right_val>0.2958604991436005</right_val></_></_>
        <_>
          <_>
            <feature>
              <rects>
                <_>
                  7 2 7 2 -1.</_>
                <_>
                  7 2 7 1 2.</_></rects>
              <tilted>1</tilted></feature>
            <threshold>2.1526119671761990e-003</threshold>
            <left_val>-0.4695670008659363</left_val>
            <right_val>0.8291462063789368</right_val></_></_>
        <_>
          <_>
            <feature>
              <rects>
                <_>
                  19 10 3 2 -1.</_>
                <_>
                  19 11 3 1 2.</_></rects>
              <tilted>0</tilted></feature>
            <threshold>1.2711939634755254e-003</threshold>
            <left_val>0.1678956001996994</left_val>
            <right_val>-0.9999992251396179</right_val></_></_></trees>
      <stage_threshold>-0.4642941057682037</stage_threshold>
      <parent>8</parent>
      <next>-1</next></_>
    <_>
      <trees>
        <_>
          <_>
            <feature>
              <rects>
                <_>
                  0 0 18 4 -1.</_>
                <_>
                  0 0 9 2 2.</_>
                <_>
                  9 2 9 2 2.</_></rects>
              <tilted>0</tilted></feature>
            <threshold>-0.0107122501358390</threshold>
            <left_val>0.5657619833946228</left_val>
            <right_val>-0.6437031030654907</right_val></_></_>
        <_>
          <_>
            <feature>
              <rects>
                <_>
                  13 0 2 11 -1.</_>
                <_>
                  13 0 1 11 2.</_></rects>
              <tilted>1</tilted></feature>
            <threshold>3.0015299562364817e-003</threshold>
            <left_val>0.1889940053224564</left_val>
            <right_val>-0.2028979957103729</right_val></_></_>
        <_>
          <_>
            <feature>
              <rects>
                <_>
                  11 0 11 6 -1.</_>
                <_>
                  9 2 11 2 3.</_></rects>
              <tilted>1</tilted></feature>
            <threshold>-0.0881080776453018</threshold>
            <left_val>0.8528043031692505</left_val>
            <right_val>-0.4073522984981537</right_val></_></_>
        <_>
          <_>
            <feature>
              <rects>
                <_>
                  13 9 1 8 -1.</_>
                <_>
                  11 11 1 4 2.</_></rects>
              <tilted>1</tilted></feature>
            <threshold>-7.5287241488695145e-003</threshold>
            <left_val>0.5596886277198792</left_val>
            <right_val>-0.0866703093051910</right_val></_></_>
        <_>
          <_>
            <feature>
              <rects>
                <_>
                  11 9 8 1 -1.</_>
                <_>
                  13 11 4 1 2.</_></rects>
              <tilted>1</tilted></feature>
            <threshold>-3.9797169156372547e-003</threshold>
            <left_val>-0.9402698874473572</left_val>
            <right_val>0.4242255985736847</right_val></_></_></trees>
      <stage_threshold>-0.5245059728622437</stage_threshold>
      <parent>9</parent>
      <next>-1</next></_></stages></myhaar>
</opencv_storage>
