<?xml version="1.0"?>


<!-- trained by Trevor Sherrard -->
<!-- Email: SherrardTr@gmail.com -->
<!-- GitHub: https://github.com/sherrardTr4129 -->



<opencv_storage>
<cascade>
  <stageType>BOOST</stageType>
  <featureType>HAAR</featureType>
  <height>24</height>
  <width>24</width>
  <stageParams>
    <boostType>GAB</boostType>
    <minHitRate>9.9900001287460327e-01</minHitRate>
    <maxFalseAlarm>5.0000000000000000e-01</maxFalseAlarm>
    <weightTrimRate>9.4999999999999996e-01</weightTrimRate>
    <maxDepth>1</maxDepth>
    <maxWeakCount>100</maxWeakCount></stageParams>
  <featureParams>
    <maxCatCount>0</maxCatCount>
    <featSize>1</featSize>
    <mode>ALL</mode></featureParams>
  <stageNum>16</stageNum>
  <stages>
    <!-- stage 0 -->
    <_>
      <maxWeakCount>4</maxWeakCount>
      <stageThreshold>-1.5541357994079590e+00</stageThreshold>
      <weakClassifiers>
        <_>
          <internalNodes>
            0 -1 37 -8.8698871433734894e-02</internalNodes>
          <leafValues>
            9.0674436092376709e-01 -8.4263235330581665e-01</leafValues></_>
        <_>
          <internalNodes>
            0 -1 162 -1.0853770375251770e-01</internalNodes>
          <leafValues>
            7.9225099086761475e-01 -6.6388106346130371e-01</leafValues></_>
        <_>
          <internalNodes>
            0 -1 9 -1.8845248967409134e-02</internalNodes>
          <leafValues>
            6.7902898788452148e-01 -5.9898459911346436e-01</leafValues></_>
        <_>
          <internalNodes>
            0 -1 28 -3.3200301229953766e-02</internalNodes>
          <leafValues>
            5.7453083992004395e-01 -7.2665148973464966e-01</leafValues></_></weakClassifiers></_>
    <!-- stage 1 -->
    <_>
      <maxWeakCount>5</maxWeakCount>
      <stageThreshold>-1.1012372970581055e+00</stageThreshold>
      <weakClassifiers>
        <_>
          <internalNodes>
            0 -1 36 -1.0844062268733978e-01</internalNodes>
          <leafValues>
            8.4962403774261475e-01 -7.3541963100433350e-01</leafValues></_>
        <_>
          <internalNodes>
            0 -1 102 7.0929288864135742e-02</internalNodes>
          <leafValues>
            -6.2753242254257202e-01 6.9085639715194702e-01</leafValues></_>
        <_>
          <internalNodes>
            0 -1 144 -2.1129123866558075e-02</internalNodes>
          <leafValues>
            6.1248344182968140e-01 -4.4913309812545776e-01</leafValues></_>
        <_>
          <internalNodes>
            0 -1 22 -5.3861382184550166e-04</internalNodes>
          <leafValues>
            -7.3932999372482300e-01 3.5840901732444763e-01</leafValues></_>
        <_>
          <internalNodes>
            0 -1 55 1.5590412658639252e-04</internalNodes>
          <leafValues>
            3.8856127858161926e-01 -8.2461488246917725e-01</leafValues></_></weakClassifiers></_>
    <!-- stage 2 -->
    <_>
      <maxWeakCount>6</maxWeakCount>
      <stageThreshold>-1.1885863542556763e+00</stageThreshold>
      <weakClassifiers>
        <_>
          <internalNodes>
            0 -1 162 -1.2102150917053223e-01</internalNodes>
          <leafValues>
            7.7406525611877441e-01 -7.3561429977416992e-01</leafValues></_>
        <_>
          <internalNodes>
            0 -1 98 4.2336121201515198e-02</internalNodes>
          <leafValues>
            -5.1924651861190796e-01 6.8551963567733765e-01</leafValues></_>
        <_>
          <internalNodes>
            0 -1 91 -5.4965350776910782e-02</internalNodes>
          <leafValues>
            5.8700442314147949e-01 -4.4147965312004089e-01</leafValues></_>
        <_>
          <internalNodes>
            0 -1 107 -3.0550103634595871e-02</internalNodes>
          <leafValues>
            5.4855161905288696e-01 -4.6547117829322815e-01</leafValues></_>
        <_>
          <internalNodes>
            0 -1 155 -6.9254252593964338e-04</internalNodes>
          <leafValues>
            6.9959878921508789e-01 -3.8885670900344849e-01</leafValues></_>
        <_>
          <internalNodes>
            0 -1 65 -1.3042878708802164e-04</internalNodes>
          <leafValues>
            -8.3226954936981201e-01 3.4805929660797119e-01</leafValues></_></weakClassifiers></_>
    <!-- stage 3 -->
    <_>
      <maxWeakCount>6</maxWeakCount>
      <stageThreshold>-1.0853370428085327e+00</stageThreshold>
      <weakClassifiers>
        <_>
          <internalNodes>
            0 -1 126 1.0571037232875824e-01</internalNodes>
          <leafValues>
            -6.4580154418945312e-01 7.4136543273925781e-01</leafValues></_>
        <_>
          <internalNodes>
            0 -1 166 -4.6363823115825653e-02</internalNodes>
          <leafValues>
            6.4468038082122803e-01 -4.9646922945976257e-01</leafValues></_>
        <_>
          <internalNodes>
            0 -1 80 -1.9176403060555458e-02</internalNodes>
          <leafValues>
            5.2916640043258667e-01 -4.9553731083869934e-01</leafValues></_>
        <_>
          <internalNodes>
            0 -1 165 -8.0405420158058405e-04</internalNodes>
          <leafValues>
            6.7567622661590576e-01 -3.5238999128341675e-01</leafValues></_>
        <_>
          <internalNodes>
            0 -1 50 -7.6597584411501884e-03</internalNodes>
          <leafValues>
            3.0437937378883362e-01 -7.3361545801162720e-01</leafValues></_>
        <_>
          <internalNodes>
            0 -1 197 1.6312580555677414e-02</internalNodes>
          <leafValues>
            -4.0012657642364502e-01 6.1377286911010742e-01</leafValues></_></weakClassifiers></_>
    <!-- stage 4 -->
    <_>
      <maxWeakCount>9</maxWeakCount>
      <stageThreshold>-1.1171251535415649e+00</stageThreshold>
      <weakClassifiers>
        <_>
          <internalNodes>
            0 -1 148 -1.8750753998756409e-01</internalNodes>
          <leafValues>
            7.4817520380020142e-01 -3.9800995588302612e-01</leafValues></_>
        <_>
          <internalNodes>
            0 -1 20 1.5564812347292900e-02</internalNodes>
          <leafValues>
            -5.1897788047790527e-01 4.8768460750579834e-01</leafValues></_>
        <_>
          <internalNodes>
            0 -1 183 1.7695369198918343e-02</internalNodes>
          <leafValues>
            -6.6409134864807129e-01 3.1430864334106445e-01</leafValues></_>
        <_>
          <internalNodes>
            0 -1 153 2.3115691728889942e-03</internalNodes>
          <leafValues>
            -2.4700908362865448e-01 8.3684152364730835e-01</leafValues></_>
        <_>
          <internalNodes>
            0 -1 34 -2.4068631231784821e-02</internalNodes>
          <leafValues>
            1.9499284029006958e-01 -9.0337467193603516e-01</leafValues></_>
        <_>
          <internalNodes>
            0 -1 10 2.7668484835885465e-04</internalNodes>
          <leafValues>
            -4.5400387048721313e-01 3.6819848418235779e-01</leafValues></_>
        <_>
          <internalNodes>
            0 -1 168 -3.7282146513462067e-03</internalNodes>
          <leafValues>
            5.8642381429672241e-01 -2.8820598125457764e-01</leafValues></_>
        <_>
          <internalNodes>
            0 -1 57 -3.2555076177231967e-04</internalNodes>
          <leafValues>
            -6.8727111816406250e-01 2.1224391460418701e-01</leafValues></_>
        <_>
          <internalNodes>
            0 -1 116 -1.1939334217458963e-04</internalNodes>
          <leafValues>
            -7.0487105846405029e-01 2.2373388707637787e-01</leafValues></_></weakClassifiers></_>
    <!-- stage 5 -->
    <_>
      <maxWeakCount>8</maxWeakCount>
      <stageThreshold>-1.1172899007797241e+00</stageThreshold>
      <weakClassifiers>
        <_>
          <internalNodes>
            0 -1 71 -6.6429629921913147e-02</internalNodes>
          <leafValues>
            6.5627783536911011e-01 -3.0501931905746460e-01</leafValues></_>
        <_>
          <internalNodes>
            0 -1 2 -1.5827264636754990e-02</internalNodes>
          <leafValues>
            3.8637492060661316e-01 -6.5096980333328247e-01</leafValues></_>
        <_>
          <internalNodes>
            0 -1 90 -3.2357202144339681e-05</internalNodes>
          <leafValues>
            -7.0291870832443237e-01 2.4495650827884674e-01</leafValues></_>
        <_>
          <internalNodes>
            0 -1 86 3.1948578543961048e-04</internalNodes>
          <leafValues>
            2.2345952689647675e-01 -7.2123306989669800e-01</leafValues></_>
        <_>
          <internalNodes>
            0 -1 52 1.3216925435699522e-04</internalNodes>
          <leafValues>
            1.9237610697746277e-01 -7.5009268522262573e-01</leafValues></_>
        <_>
          <internalNodes>
            0 -1 15 2.0171027630567551e-02</internalNodes>
          <leafValues>
            -4.5032927393913269e-01 3.5021796822547913e-01</leafValues></_>
        <_>
          <internalNodes>
            0 -1 145 -1.9260675180703402e-03</internalNodes>
          <leafValues>
            6.8034452199935913e-01 -2.2408808767795563e-01</leafValues></_>
        <_>
          <internalNodes>
            0 -1 146 -1.1026333086192608e-03</internalNodes>
          <leafValues>
            8.0019968748092651e-01 -2.1787196397781372e-01</leafValues></_></weakClassifiers></_>
    <!-- stage 6 -->
    <_>
      <maxWeakCount>14</maxWeakCount>
      <stageThreshold>-1.1530224084854126e+00</stageThreshold>
      <weakClassifiers>
        <_>
          <internalNodes>
            0 -1 164 -2.1197997033596039e-02</internalNodes>
          <leafValues>
            5.3729283809661865e-01 -6.1504423618316650e-01</leafValues></_>
        <_>
          <internalNodes>
            0 -1 42 -1.0262045543640852e-04</internalNodes>
          <leafValues>
            -6.9997125864028931e-01 2.4929606914520264e-01</leafValues></_>
        <_>
          <internalNodes>
            0 -1 33 -1.0566361993551254e-01</internalNodes>
          <leafValues>
            2.7230551838874817e-01 -5.7976192235946655e-01</leafValues></_>
        <_>
          <internalNodes>
            0 -1 56 1.4820863725617528e-04</internalNodes>
          <leafValues>
            2.2450967133045197e-01 -6.2228983640670776e-01</leafValues></_>
        <_>
          <internalNodes>
            0 -1 96 -2.0692944526672363e-03</internalNodes>
          <leafValues>
            7.2568976879119873e-01 -1.8969404697418213e-01</leafValues></_>
        <_>
          <internalNodes>
            0 -1 16 -1.2709778547286987e-01</internalNodes>
          <leafValues>
            -8.3513128757476807e-01 1.4132295548915863e-01</leafValues></_>
        <_>
          <internalNodes>
            0 -1 45 -2.7744101826101542e-03</internalNodes>
          <leafValues>
            7.5196272134780884e-01 -1.9339184463024139e-01</leafValues></_>
        <_>
          <internalNodes>
            0 -1 85 7.8791957348585129e-03</internalNodes>
          <leafValues>
            1.7983950674533844e-01 -7.8375679254531860e-01</leafValues></_>
        <_>
          <internalNodes>
            0 -1 3 -2.6904428005218506e-01</internalNodes>
          <leafValues>
            -6.0560548305511475e-01 2.2534586489200592e-01</leafValues></_>
        <_>
          <internalNodes>
            0 -1 160 1.1807344853878021e-02</internalNodes>
          <leafValues>
            1.8193003535270691e-01 -6.4968997240066528e-01</leafValues></_>
        <_>
          <internalNodes>
            0 -1 68 -1.5491541125811636e-04</internalNodes>
          <leafValues>
            -7.4215281009674072e-01 1.7892903089523315e-01</leafValues></_>
        <_>
          <internalNodes>
            0 -1 8 1.1696409434080124e-02</internalNodes>
          <leafValues>
            -3.4977194666862488e-01 4.1409662365913391e-01</leafValues></_>
        <_>
          <internalNodes>
            0 -1 211 -4.0791281498968601e-03</internalNodes>
          <leafValues>
            4.5450741052627563e-01 -2.7778008580207825e-01</leafValues></_>
        <_>
          <internalNodes>
            0 -1 108 -3.6401130259037018e-02</internalNodes>
          <leafValues>
            5.0219994783401489e-01 -2.9341316223144531e-01</leafValues></_></weakClassifiers></_>
    <!-- stage 7 -->
    <_>
      <maxWeakCount>16</maxWeakCount>
      <stageThreshold>-1.0501394271850586e+00</stageThreshold>
      <weakClassifiers>
        <_>
          <internalNodes>
            0 -1 0 1.7051370441913605e-01</internalNodes>
          <leafValues>
            -3.1404960155487061e-01 6.2010222673416138e-01</leafValues></_>
        <_>
          <internalNodes>
            0 -1 206 -1.3203201815485954e-02</internalNodes>
          <leafValues>
            2.7063632011413574e-01 -6.6897958517074585e-01</leafValues></_>
        <_>
          <internalNodes>
            0 -1 129 5.8322693221271038e-03</internalNodes>
          <leafValues>
            -2.8088417649269104e-01 4.8154643177986145e-01</leafValues></_>
        <_>
          <internalNodes>
            0 -1 157 -5.1467795856297016e-04</internalNodes>
          <leafValues>
            4.4489911198616028e-01 -3.4501507878303528e-01</leafValues></_>
        <_>
          <internalNodes>
            0 -1 44 1.0438879951834679e-02</internalNodes>
          <leafValues>
            -1.9670462608337402e-01 7.0536446571350098e-01</leafValues></_>
        <_>
          <internalNodes>
            0 -1 83 -4.2614527046680450e-02</internalNodes>
          <leafValues>
            2.5541391968727112e-01 -4.7768062353134155e-01</leafValues></_>
        <_>
          <internalNodes>
            0 -1 145 3.0514094978570938e-03</internalNodes>
          <leafValues>
            -1.7622287571430206e-01 8.1671690940856934e-01</leafValues></_>
        <_>
          <internalNodes>
            0 -1 117 3.8454509340226650e-03</internalNodes>
          <leafValues>
            -1.2816517055034637e-01 7.3831474781036377e-01</leafValues></_>
        <_>
          <internalNodes>
            0 -1 212 -8.2930768257938325e-05</internalNodes>
          <leafValues>
            3.5118502378463745e-01 -3.6029785871505737e-01</leafValues></_>
        <_>
          <internalNodes>
            0 -1 101 -9.5099270343780518e-02</internalNodes>
          <leafValues>
            -5.7638329267501831e-01 2.0167981088161469e-01</leafValues></_>
        <_>
          <internalNodes>
            0 -1 38 1.9303631037473679e-02</internalNodes>
          <leafValues>
            -3.0881553888320923e-01 3.9604121446609497e-01</leafValues></_>
        <_>
          <internalNodes>
            0 -1 88 1.3551820302382112e-04</internalNodes>
          <leafValues>
            1.9134576618671417e-01 -7.3167222738265991e-01</leafValues></_>
        <_>
          <internalNodes>
            0 -1 132 2.9459800571203232e-03</internalNodes>
          <leafValues>
            -2.0572566986083984e-01 6.4292740821838379e-01</leafValues></_>
        <_>
          <internalNodes>
            0 -1 106 -5.3838431835174561e-02</internalNodes>
          <leafValues>
            2.1980813145637512e-01 -5.7926791906356812e-01</leafValues></_>
        <_>
          <internalNodes>
            0 -1 146 1.0968800634145737e-03</internalNodes>
          <leafValues>
            -2.4835874140262604e-01 5.2826386690139771e-01</leafValues></_>
        <_>
          <internalNodes>
            0 -1 196 6.7741639213636518e-04</internalNodes>
          <leafValues>
            -1.7492531239986420e-01 6.1476683616638184e-01</leafValues></_></weakClassifiers></_>
    <!-- stage 8 -->
    <_>
      <maxWeakCount>16</maxWeakCount>
      <stageThreshold>-9.7479283809661865e-01</stageThreshold>
      <weakClassifiers>
        <_>
          <internalNodes>
            0 -1 53 -3.3478740078862756e-05</internalNodes>
          <leafValues>
            -5.6020945310592651e-01 4.7035571932792664e-01</leafValues></_>
        <_>
          <internalNodes>
            0 -1 53 1.9046106899622828e-04</internalNodes>
          <leafValues>
            3.3602252602577209e-01 -5.3350263833999634e-01</leafValues></_>
        <_>
          <internalNodes>
            0 -1 12 -1.2291129678487778e-01</internalNodes>
          <leafValues>
            3.9708504080772400e-01 -4.7489529848098755e-01</leafValues></_>
        <_>
          <internalNodes>
            0 -1 82 -1.3550644740462303e-02</internalNodes>
          <leafValues>
            1.9397814571857452e-01 -5.8510553836822510e-01</leafValues></_>
        <_>
          <internalNodes>
            0 -1 47 -1.4594758860766888e-02</internalNodes>
          <leafValues>
            -6.3109564781188965e-01 1.7225840687751770e-01</leafValues></_>
        <_>
          <internalNodes>
            0 -1 77 -9.3644186854362488e-02</internalNodes>
          <leafValues>
            -9.5470732450485229e-01 9.5235310494899750e-02</leafValues></_>
        <_>
          <internalNodes>
            0 -1 103 1.0686404071748257e-02</internalNodes>
          <leafValues>
            -6.5878659486770630e-01 1.4133365452289581e-01</leafValues></_>
        <_>
          <internalNodes>
            0 -1 111 3.2688416540622711e-03</internalNodes>
          <leafValues>
            -1.3215407729148865e-01 8.8703256845474243e-01</leafValues></_>
        <_>
          <internalNodes>
            0 -1 109 2.0045028068125248e-03</internalNodes>
          <leafValues>
            -1.2164748460054398e-01 6.7661798000335693e-01</leafValues></_>
        <_>
          <internalNodes>
            0 -1 105 -3.5951357858721167e-05</internalNodes>
          <leafValues>
            -4.3889868259429932e-01 2.3787310719490051e-01</leafValues></_>
        <_>
          <internalNodes>
            0 -1 167 3.0103776953183115e-04</internalNodes>
          <leafValues>
            -2.6935833692550659e-01 3.9166277647018433e-01</leafValues></_>
        <_>
          <internalNodes>
            0 -1 7 1.9029406830668449e-03</internalNodes>
          <leafValues>
            -3.3487391471862793e-01 3.1143447756767273e-01</leafValues></_>
        <_>
          <internalNodes>
            0 -1 121 4.6019725501537323e-02</internalNodes>
          <leafValues>
            -3.3184501528739929e-01 3.1643399596214294e-01</leafValues></_>
        <_>
          <internalNodes>
            0 -1 89 -4.6968561946414411e-05</internalNodes>
          <leafValues>
            -5.6992864608764648e-01 1.6844542324542999e-01</leafValues></_>
        <_>
          <internalNodes>
            0 -1 185 1.8244339153170586e-03</internalNodes>
          <leafValues>
            -1.6063311696052551e-01 7.6272064447402954e-01</leafValues></_>
        <_>
          <internalNodes>
            0 -1 51 -1.3672605156898499e-02</internalNodes>
          <leafValues>
            1.5577231347560883e-01 -7.8845572471618652e-01</leafValues></_></weakClassifiers></_>
    <!-- stage 9 -->
    <_>
      <maxWeakCount>20</maxWeakCount>
      <stageThreshold>-1.2414683103561401e+00</stageThreshold>
      <weakClassifiers>
        <_>
          <internalNodes>
            0 -1 54 -2.8993610612815246e-05</internalNodes>
          <leafValues>
            -5.8885020017623901e-01 4.1475510597229004e-01</leafValues></_>
        <_>
          <internalNodes>
            0 -1 54 1.1858758080052212e-04</internalNodes>
          <leafValues>
            2.2471033036708832e-01 -7.3491752147674561e-01</leafValues></_>
        <_>
          <internalNodes>
            0 -1 19 -1.9250612705945969e-02</internalNodes>
          <leafValues>
            1.8981789052486420e-01 -5.7757800817489624e-01</leafValues></_>
        <_>
          <internalNodes>
            0 -1 161 5.0750195980072021e-02</internalNodes>
          <leafValues>
            -3.7524810433387756e-01 3.1620085239410400e-01</leafValues></_>
        <_>
          <internalNodes>
            0 -1 21 1.8081477284431458e-01</internalNodes>
          <leafValues>
            7.4806600809097290e-02 -9.3433833122253418e-01</leafValues></_>
        <_>
          <internalNodes>
            0 -1 159 -4.8125874251127243e-02</internalNodes>
          <leafValues>
            -6.7306876182556152e-01 1.2052687257528305e-01</leafValues></_>
        <_>
          <internalNodes>
            0 -1 141 2.5429823435842991e-03</internalNodes>
          <leafValues>
            -1.8604408204555511e-01 6.0601884126663208e-01</leafValues></_>
        <_>
          <internalNodes>
            0 -1 139 2.8163958340883255e-03</internalNodes>
          <leafValues>
            -1.5026886761188507e-01 6.9590890407562256e-01</leafValues></_>
        <_>
          <internalNodes>
            0 -1 140 1.9189184531569481e-03</internalNodes>
          <leafValues>
            -1.3336420059204102e-01 6.6285490989685059e-01</leafValues></_>
        <_>
          <internalNodes>
            0 -1 205 9.4854217022657394e-03</internalNodes>
          <leafValues>
            -1.9240234792232513e-01 4.5070263743400574e-01</leafValues></_>
        <_>
          <internalNodes>
            0 -1 32 -4.8132430762052536e-02</internalNodes>
          <leafValues>
            -6.2575960159301758e-01 1.7378097772598267e-01</leafValues></_>
        <_>
          <internalNodes>
            0 -1 73 -8.2891638157889247e-05</internalNodes>
          <leafValues>
            -4.1846427321434021e-01 2.0381484925746918e-01</leafValues></_>
        <_>
          <internalNodes>
            0 -1 64 -3.5545136779546738e-02</internalNodes>
          <leafValues>
            5.6987243890762329e-01 -1.7740425467491150e-01</leafValues></_>
        <_>
          <internalNodes>
            0 -1 156 -3.8150767795741558e-04</internalNodes>
          <leafValues>
            3.7750947475433350e-01 -2.5780934095382690e-01</leafValues></_>
        <_>
          <internalNodes>
            0 -1 62 -9.0397696476429701e-04</internalNodes>
          <leafValues>
            -8.1032109260559082e-01 1.1643754690885544e-01</leafValues></_>
        <_>
          <internalNodes>
            0 -1 95 6.6020756959915161e-02</internalNodes>
          <leafValues>
            1.0227627307176590e-01 -7.6859188079833984e-01</leafValues></_>
        <_>
          <internalNodes>
            0 -1 30 3.5648368299007416e-02</internalNodes>
          <leafValues>
            -2.6699411869049072e-01 3.6988279223442078e-01</leafValues></_>
        <_>
          <internalNodes>
            0 -1 119 3.7777193356305361e-03</internalNodes>
          <leafValues>
            -1.2082011252641678e-01 7.0852839946746826e-01</leafValues></_>
        <_>
          <internalNodes>
            0 -1 194 -8.0014555715024471e-04</internalNodes>
          <leafValues>
            -5.5111050605773926e-01 1.9293324649333954e-01</leafValues></_>
        <_>
          <internalNodes>
            0 -1 173 -2.9182871803641319e-03</internalNodes>
          <leafValues>
            6.9359362125396729e-01 -1.2708117067813873e-01</leafValues></_></weakClassifiers></_>
    <!-- stage 10 -->
    <_>
      <maxWeakCount>17</maxWeakCount>
      <stageThreshold>-9.7129327058792114e-01</stageThreshold>
      <weakClassifiers>
        <_>
          <internalNodes>
            0 -1 26 5.2126433700323105e-02</internalNodes>
          <leafValues>
            -2.2428330779075623e-01 4.8431521654129028e-01</leafValues></_>
        <_>
          <internalNodes>
            0 -1 70 -1.6056970343925059e-04</internalNodes>
          <leafValues>
            -5.0468111038208008e-01 2.3148018121719360e-01</leafValues></_>
        <_>
          <internalNodes>
            0 -1 23 -1.9683893769979477e-03</internalNodes>
          <leafValues>
            2.9487663507461548e-01 -5.1468551158905029e-01</leafValues></_>
        <_>
          <internalNodes>
            0 -1 94 -5.0896536558866501e-03</internalNodes>
          <leafValues>
            8.9310392737388611e-02 -7.9947859048843384e-01</leafValues></_>
        <_>
          <internalNodes>
            0 -1 81 1.0784838348627090e-02</internalNodes>
          <leafValues>
            -3.7785643339157104e-01 2.4298922717571259e-01</leafValues></_>
        <_>
          <internalNodes>
            0 -1 46 1.9029673188924789e-02</internalNodes>
          <leafValues>
            -2.4386766552925110e-01 4.1376543045043945e-01</leafValues></_>
        <_>
          <internalNodes>
            0 -1 49 9.6994263003580272e-05</internalNodes>
          <leafValues>
            1.7660337686538696e-01 -4.7774490714073181e-01</leafValues></_>
        <_>
          <internalNodes>
            0 -1 5 6.2267977045848966e-04</internalNodes>
          <leafValues>
            -4.3363586068153381e-01 2.2079946100711823e-01</leafValues></_>
        <_>
          <internalNodes>
            0 -1 110 -8.0554727464914322e-03</internalNodes>
          <leafValues>
            4.6190977096557617e-01 -2.1668511629104614e-01</leafValues></_>
        <_>
          <internalNodes>
            0 -1 76 -2.9955655336380005e-03</internalNodes>
          <leafValues>
            6.4145588874816895e-01 -1.2844052910804749e-01</leafValues></_>
        <_>
          <internalNodes>
            0 -1 150 1.8920665606856346e-03</internalNodes>
          <leafValues>
            -1.0769138485193253e-01 6.4613032341003418e-01</leafValues></_>
        <_>
          <internalNodes>
            0 -1 199 1.5170992352068424e-02</internalNodes>
          <leafValues>
            -1.4214275777339935e-01 5.5294030904769897e-01</leafValues></_>
        <_>
          <internalNodes>
            0 -1 214 -2.8869783272966743e-04</internalNodes>
          <leafValues>
            2.7652421593666077e-01 -2.9537272453308105e-01</leafValues></_>
        <_>
          <internalNodes>
            0 -1 123 1.4645073097199202e-03</internalNodes>
          <leafValues>
            -1.7279559373855591e-01 5.6020861864089966e-01</leafValues></_>
        <_>
          <internalNodes>
            0 -1 138 -1.2830935884267092e-03</internalNodes>
          <leafValues>
            1.4856711030006409e-01 -6.5183991193771362e-01</leafValues></_>
        <_>
          <internalNodes>
            0 -1 79 -2.2818134166300297e-03</internalNodes>
          <leafValues>
            7.7860385179519653e-01 -1.3212037086486816e-01</leafValues></_>
        <_>
          <internalNodes>
            0 -1 135 -1.4190836809575558e-02</internalNodes>
          <leafValues>
            5.9414148330688477e-01 -1.1592110991477966e-01</leafValues></_></weakClassifiers></_>
    <!-- stage 11 -->
    <_>
      <maxWeakCount>22</maxWeakCount>
      <stageThreshold>-1.1275093555450439e+00</stageThreshold>
      <weakClassifiers>
        <_>
          <internalNodes>
            0 -1 40 -5.4254916904028505e-05</internalNodes>
          <leafValues>
            -4.6091642975807190e-01 4.3884891271591187e-01</leafValues></_>
        <_>
          <internalNodes>
            0 -1 189 5.5566139519214630e-02</internalNodes>
          <leafValues>
            -2.3043820261955261e-01 4.8099589347839355e-01</leafValues></_>
        <_>
          <internalNodes>
            0 -1 41 1.5134969726204872e-04</internalNodes>
          <leafValues>
            1.7196877300739288e-01 -5.7599896192550659e-01</leafValues></_>
        <_>
          <internalNodes>
            0 -1 61 1.0536269655858632e-05</internalNodes>
          <leafValues>
            -3.3261212706565857e-01 2.5516897439956665e-01</leafValues></_>
        <_>
          <internalNodes>
            0 -1 100 2.5861863978207111e-03</internalNodes>
          <leafValues>
            -4.6691107749938965e-01 1.6862906515598297e-01</leafValues></_>
        <_>
          <internalNodes>
            0 -1 74 -8.6022468167357147e-05</internalNodes>
          <leafValues>
            -3.5800865292549133e-01 2.3661240935325623e-01</leafValues></_>
        <_>
          <internalNodes>
            0 -1 84 -1.7638962715864182e-02</internalNodes>
          <leafValues>
            4.8093751072883606e-01 -2.1639271080493927e-01</leafValues></_>
        <_>
          <internalNodes>
            0 -1 14 3.2788147218525410e-03</internalNodes>
          <leafValues>
            -1.8685187399387360e-01 4.3620696663856506e-01</leafValues></_>
        <_>
          <internalNodes>
            0 -1 176 -3.9232423296198249e-04</internalNodes>
          <leafValues>
            3.2548809051513672e-01 -2.8851801156997681e-01</leafValues></_>
        <_>
          <internalNodes>
            0 -1 150 -2.1158196032047272e-03</internalNodes>
          <leafValues>
            7.3122799396514893e-01 -1.2458960711956024e-01</leafValues></_>
        <_>
          <internalNodes>
            0 -1 177 3.8836658932268620e-03</internalNodes>
          <leafValues>
            -8.8083453476428986e-02 7.2523140907287598e-01</leafValues></_>
        <_>
          <internalNodes>
            0 -1 165 -1.6654998762533069e-04</internalNodes>
          <leafValues>
            2.9149672389030457e-01 -2.8555604815483093e-01</leafValues></_>
        <_>
          <internalNodes>
            0 -1 52 -6.6166554461233318e-05</internalNodes>
          <leafValues>
            -6.1135327816009521e-01 1.3006827235221863e-01</leafValues></_>
        <_>
          <internalNodes>
            0 -1 172 -3.3484892919659615e-03</internalNodes>
          <leafValues>
            7.5280427932739258e-01 -1.1867106705904007e-01</leafValues></_>
        <_>
          <internalNodes>
            0 -1 203 -1.3032971182838082e-03</internalNodes>
          <leafValues>
            -5.9550923109054565e-01 1.5044730901718140e-01</leafValues></_>
        <_>
          <internalNodes>
            0 -1 124 -6.8253283388912678e-03</internalNodes>
          <leafValues>
            3.4300413727760315e-01 -2.4106942117214203e-01</leafValues></_>
        <_>
          <internalNodes>
            0 -1 213 5.6257599499076605e-04</internalNodes>
          <leafValues>
            1.2397924065589905e-01 -6.8525063991546631e-01</leafValues></_>
        <_>
          <internalNodes>
            0 -1 158 1.8078146968036890e-04</internalNodes>
          <leafValues>
            -2.9079827666282654e-01 2.9001826047897339e-01</leafValues></_>
        <_>
          <internalNodes>
            0 -1 120 -2.7229929342865944e-02</internalNodes>
          <leafValues>
            -6.7473715543746948e-01 1.2504859268665314e-01</leafValues></_>
        <_>
          <internalNodes>
            0 -1 175 -9.1911009803880006e-05</internalNodes>
          <leafValues>
            1.2044624239206314e-01 -6.3008391857147217e-01</leafValues></_>
        <_>
          <internalNodes>
            0 -1 60 -6.4776554703712463e-02</internalNodes>
          <leafValues>
            1.6996476054191589e-01 -4.4601354002952576e-01</leafValues></_>
        <_>
          <internalNodes>
            0 -1 195 -1.3682353892363608e-04</internalNodes>
          <leafValues>
            4.2016091942787170e-01 -1.8966463208198547e-01</leafValues></_></weakClassifiers></_>
    <!-- stage 12 -->
    <_>
      <maxWeakCount>18</maxWeakCount>
      <stageThreshold>-9.4441193342208862e-01</stageThreshold>
      <weakClassifiers>
        <_>
          <internalNodes>
            0 -1 86 -3.1270505132852122e-05</internalNodes>
          <leafValues>
            -4.3266475200653076e-01 4.1972920298576355e-01</leafValues></_>
        <_>
          <internalNodes>
            0 -1 192 3.3892594277858734e-02</internalNodes>
          <leafValues>
            -2.5824549794197083e-01 3.8118433952331543e-01</leafValues></_>
        <_>
          <internalNodes>
            0 -1 152 3.3067009644582868e-04</internalNodes>
          <leafValues>
            -2.6010140776634216e-01 3.7363031506538391e-01</leafValues></_>
        <_>
          <internalNodes>
            0 -1 69 -1.2317717482801527e-04</internalNodes>
          <leafValues>
            -6.1691164970397949e-01 1.6021862626075745e-01</leafValues></_>
        <_>
          <internalNodes>
            0 -1 35 -5.6461372878402472e-04</internalNodes>
          <leafValues>
            1.9585390388965607e-01 -4.6654826402664185e-01</leafValues></_>
        <_>
          <internalNodes>
            0 -1 11 2.4718907661736012e-03</internalNodes>
          <leafValues>
            -3.4896284341812134e-01 2.1167461574077606e-01</leafValues></_>
        <_>
          <internalNodes>
            0 -1 128 -4.0122279897332191e-03</internalNodes>
          <leafValues>
            3.7742954492568970e-01 -1.7721974849700928e-01</leafValues></_>
        <_>
          <internalNodes>
            0 -1 190 -9.4326231628656387e-03</internalNodes>
          <leafValues>
            -7.2294747829437256e-01 9.6106708049774170e-02</leafValues></_>
        <_>
          <internalNodes>
            0 -1 188 -3.2399576157331467e-03</internalNodes>
          <leafValues>
            3.5887739062309265e-01 -2.2897994518280029e-01</leafValues></_>
        <_>
          <internalNodes>
            0 -1 143 -4.2171119712293148e-03</internalNodes>
          <leafValues>
            6.1264008283615112e-01 -1.2305567413568497e-01</leafValues></_>
        <_>
          <internalNodes>
            0 -1 118 3.2486680429428816e-03</internalNodes>
          <leafValues>
            -1.8101722002029419e-01 4.3922114372253418e-01</leafValues></_>
        <_>
          <internalNodes>
            0 -1 204 5.9809677302837372e-02</internalNodes>
          <leafValues>
            -1.1188433319330215e-01 7.9012018442153931e-01</leafValues></_>
        <_>
          <internalNodes>
            0 -1 198 1.0330908931791782e-02</internalNodes>
          <leafValues>
            -1.0738177597522736e-01 5.5671036243438721e-01</leafValues></_>
        <_>
          <internalNodes>
            0 -1 130 2.2542341612279415e-03</internalNodes>
          <leafValues>
            -1.0720651596784592e-01 6.8580186367034912e-01</leafValues></_>
        <_>
          <internalNodes>
            0 -1 142 8.0335454549640417e-04</internalNodes>
          <leafValues>
            -1.7824088037014008e-01 4.1014763712882996e-01</leafValues></_>
        <_>
          <internalNodes>
            0 -1 174 2.6444546878337860e-02</internalNodes>
          <leafValues>
            1.1800325661897659e-01 -6.8029880523681641e-01</leafValues></_>
        <_>
          <internalNodes>
            0 -1 200 -1.9971732981503010e-03</internalNodes>
          <leafValues>
            3.7813457846641541e-01 -2.1256312727928162e-01</leafValues></_>
        <_>
          <internalNodes>
            0 -1 88 6.5535459725651890e-05</internalNodes>
          <leafValues>
            1.4724928140640259e-01 -5.5580383539199829e-01</leafValues></_></weakClassifiers></_>
    <!-- stage 13 -->
    <_>
      <maxWeakCount>21</maxWeakCount>
      <stageThreshold>-1.0426546335220337e+00</stageThreshold>
      <weakClassifiers>
        <_>
          <internalNodes>
            0 -1 58 -1.3655945658683777e-01</internalNodes>
          <leafValues>
            5.0169491767883301e-01 -1.2777778506278992e-01</leafValues></_>
        <_>
          <internalNodes>
            0 -1 136 5.8360709808766842e-03</internalNodes>
          <leafValues>
            -4.5003253221511841e-01 2.4446499347686768e-01</leafValues></_>
        <_>
          <internalNodes>
            0 -1 97 1.9098091870546341e-02</internalNodes>
          <leafValues>
            -2.2648222744464874e-01 3.6428117752075195e-01</leafValues></_>
        <_>
          <internalNodes>
            0 -1 171 2.8208827134221792e-03</internalNodes>
          <leafValues>
            -1.2141228467226028e-01 6.2513190507888794e-01</leafValues></_>
        <_>
          <internalNodes>
            0 -1 170 -2.0738913008244708e-05</internalNodes>
          <leafValues>
            3.6045071482658386e-01 -3.2005703449249268e-01</leafValues></_>
        <_>
          <internalNodes>
            0 -1 88 -6.8707675382029265e-05</internalNodes>
          <leafValues>
            -5.3932821750640869e-01 1.6625735163688660e-01</leafValues></_>
        <_>
          <internalNodes>
            0 -1 25 -1.3197368383407593e-01</internalNodes>
          <leafValues>
            -6.8710196018218994e-01 1.2409667670726776e-01</leafValues></_>
        <_>
          <internalNodes>
            0 -1 151 3.3391619217582047e-04</internalNodes>
          <leafValues>
            -2.1596893668174744e-01 3.4376689791679382e-01</leafValues></_>
        <_>
          <internalNodes>
            0 -1 207 2.2676217486150563e-04</internalNodes>
          <leafValues>
            -3.8355144858360291e-01 1.7624577879905701e-01</leafValues></_>
        <_>
          <internalNodes>
            0 -1 213 -3.4452538238838315e-04</internalNodes>
          <leafValues>
            -5.8078819513320923e-01 1.3552768528461456e-01</leafValues></_>
        <_>
          <internalNodes>
            0 -1 130 -2.4510917719453573e-03</internalNodes>
          <leafValues>
            6.5196400880813599e-01 -1.2593246996402740e-01</leafValues></_>
        <_>
          <internalNodes>
            0 -1 142 -1.2394543737173080e-03</internalNodes>
          <leafValues>
            5.4867410659790039e-01 -1.3358387351036072e-01</leafValues></_>
        <_>
          <internalNodes>
            0 -1 133 -2.2690128535032272e-02</internalNodes>
          <leafValues>
            1.9236060976982117e-01 -4.8054686188697815e-01</leafValues></_>
        <_>
          <internalNodes>
            0 -1 180 1.0411976836621761e-03</internalNodes>
          <leafValues>
            -1.8924021720886230e-01 4.9034109711647034e-01</leafValues></_>
        <_>
          <internalNodes>
            0 -1 66 -1.3870994735043496e-04</internalNodes>
          <leafValues>
            -5.3070819377899170e-01 1.6945271193981171e-01</leafValues></_>
        <_>
          <internalNodes>
            0 -1 179 -2.4404544383287430e-03</internalNodes>
          <leafValues>
            6.1695522069931030e-01 -1.7364990711212158e-01</leafValues></_>
        <_>
          <internalNodes>
            0 -1 127 8.6565483361482620e-03</internalNodes>
          <leafValues>
            -5.8865916728973389e-01 1.4991778135299683e-01</leafValues></_>
        <_>
          <internalNodes>
            0 -1 31 -3.7636116612702608e-03</internalNodes>
          <leafValues>
            4.4351992011070251e-01 -1.9822971522808075e-01</leafValues></_>
        <_>
          <internalNodes>
            0 -1 6 -6.2671579420566559e-02</internalNodes>
          <leafValues>
            -8.6721003055572510e-01 8.5846655070781708e-02</leafValues></_>
        <_>
          <internalNodes>
            0 -1 63 -3.4625041735125706e-05</internalNodes>
          <leafValues>
            -3.2949966192245483e-01 2.3397330939769745e-01</leafValues></_>
        <_>
          <internalNodes>
            0 -1 4 -4.1659804992377758e-05</internalNodes>
          <leafValues>
            3.2975178956985474e-01 -2.5261619687080383e-01</leafValues></_></weakClassifiers></_>
    <!-- stage 14 -->
    <_>
      <maxWeakCount>25</maxWeakCount>
      <stageThreshold>-1.0624972581863403e+00</stageThreshold>
      <weakClassifiers>
        <_>
          <internalNodes>
            0 -1 1 1.5416771639138460e-03</internalNodes>
          <leafValues>
            -2.0282186567783356e-01 4.6136534214019775e-01</leafValues></_>
        <_>
          <internalNodes>
            0 -1 87 -4.2263269278919324e-05</internalNodes>
          <leafValues>
            -5.1187556982040405e-01 1.9889353215694427e-01</leafValues></_>
        <_>
          <internalNodes>
            0 -1 114 -2.2276382893323898e-02</internalNodes>
          <leafValues>
            2.7614891529083252e-01 -3.1964096426963806e-01</leafValues></_>
        <_>
          <internalNodes>
            0 -1 209 -1.0571967577561736e-03</internalNodes>
          <leafValues>
            2.1943435072898865e-01 -3.2775118947029114e-01</leafValues></_>
        <_>
          <internalNodes>
            0 -1 72 -6.8863751948811114e-05</internalNodes>
          <leafValues>
            -4.4990155100822449e-01 1.7549988627433777e-01</leafValues></_>
        <_>
          <internalNodes>
            0 -1 13 1.6303824959322810e-03</internalNodes>
          <leafValues>
            -4.9694636464118958e-01 1.4949071407318115e-01</leafValues></_>
        <_>
          <internalNodes>
            0 -1 78 2.6658214628696442e-02</internalNodes>
          <leafValues>
            7.2884880006313324e-02 -8.5861241817474365e-01</leafValues></_>
        <_>
          <internalNodes>
            0 -1 202 5.4945882409811020e-02</internalNodes>
          <leafValues>
            -1.0528242588043213e-01 7.7066504955291748e-01</leafValues></_>
        <_>
          <internalNodes>
            0 -1 186 4.0556238964200020e-03</internalNodes>
          <leafValues>
            -9.7783893346786499e-02 6.7322933673858643e-01</leafValues></_>
        <_>
          <internalNodes>
            0 -1 184 -1.0889263649005443e-05</internalNodes>
          <leafValues>
            3.1508693099021912e-01 -2.1048972010612488e-01</leafValues></_>
        <_>
          <internalNodes>
            0 -1 215 -6.4851122442632914e-04</internalNodes>
          <leafValues>
            -4.8184719681739807e-01 1.4444141089916229e-01</leafValues></_>
        <_>
          <internalNodes>
            0 -1 92 -5.0528228282928467e-02</internalNodes>
          <leafValues>
            -5.7661986351013184e-01 1.0528288781642914e-01</leafValues></_>
        <_>
          <internalNodes>
            0 -1 24 -6.1426065862178802e-02</internalNodes>
          <leafValues>
            -8.5957902669906616e-01 6.7317344248294830e-02</leafValues></_>
        <_>
          <internalNodes>
            0 -1 137 -3.7823964376002550e-03</internalNodes>
          <leafValues>
            3.9653134346008301e-01 -1.7826211452484131e-01</leafValues></_>
        <_>
          <internalNodes>
            0 -1 149 2.2435206919908524e-02</internalNodes>
          <leafValues>
            -8.0996245145797729e-02 7.6928365230560303e-01</leafValues></_>
        <_>
          <internalNodes>
            0 -1 75 -9.5403513114433736e-05</internalNodes>
          <leafValues>
            -5.1486265659332275e-01 1.5997278690338135e-01</leafValues></_>
        <_>
          <internalNodes>
            0 -1 115 -1.0359194129705429e-02</internalNodes>
          <leafValues>
            -8.7941259145736694e-01 6.7403495311737061e-02</leafValues></_>
        <_>
          <internalNodes>
            0 -1 178 -2.1816652733832598e-03</internalNodes>
          <leafValues>
            6.0925543308258057e-01 -1.2779690325260162e-01</leafValues></_>
        <_>
          <internalNodes>
            0 -1 169 -1.6476149903610349e-04</internalNodes>
          <leafValues>
            4.1554152965545654e-01 -1.5755575895309448e-01</leafValues></_>
        <_>
          <internalNodes>
            0 -1 208 -1.4546391321346164e-04</internalNodes>
          <leafValues>
            -5.2279418706893921e-01 1.4007580280303955e-01</leafValues></_>
        <_>
          <internalNodes>
            0 -1 131 -2.6230500079691410e-03</internalNodes>
          <leafValues>
            5.4051762819290161e-01 -1.3670946657657623e-01</leafValues></_>
        <_>
          <internalNodes>
            0 -1 27 1.9127215445041656e-01</internalNodes>
          <leafValues>
            -2.1321661770343781e-01 3.5130411386489868e-01</leafValues></_>
        <_>
          <internalNodes>
            0 -1 187 1.6317082336172462e-03</internalNodes>
          <leafValues>
            -1.1828506737947464e-01 6.0937219858169556e-01</leafValues></_>
        <_>
          <internalNodes>
            0 -1 112 -3.1771108508110046e-02</internalNodes>
          <leafValues>
            5.6780689954757690e-01 -1.2053911387920380e-01</leafValues></_>
        <_>
          <internalNodes>
            0 -1 18 7.0662528742104769e-04</internalNodes>
          <leafValues>
            1.5127581357955933e-01 -5.6373089551925659e-01</leafValues></_></weakClassifiers></_>
    <!-- stage 15 -->
    <_>
      <maxWeakCount>24</maxWeakCount>
      <stageThreshold>-9.8706459999084473e-01</stageThreshold>
      <weakClassifiers>
        <_>
          <internalNodes>
            0 -1 181 -1.9565844908356667e-02</internalNodes>
          <leafValues>
            5.6651377677917480e-01 5.8365757577121258e-03</leafValues></_>
        <_>
          <internalNodes>
            0 -1 17 1.2459273420972750e-05</internalNodes>
          <leafValues>
            -2.7261072397232056e-01 2.8637325763702393e-01</leafValues></_>
        <_>
          <internalNodes>
            0 -1 29 -2.2806911729276180e-03</internalNodes>
          <leafValues>
            2.2029168903827667e-01 -3.4019488096237183e-01</leafValues></_>
        <_>
          <internalNodes>
            0 -1 59 -1.1264116317033768e-01</internalNodes>
          <leafValues>
            2.2837570309638977e-01 -3.6473286151885986e-01</leafValues></_>
        <_>
          <internalNodes>
            0 -1 67 3.3315878681605682e-05</internalNodes>
          <leafValues>
            1.3645963370800018e-01 -5.4753893613815308e-01</leafValues></_>
        <_>
          <internalNodes>
            0 -1 43 -3.8091363385319710e-03</internalNodes>
          <leafValues>
            4.6320801973342896e-01 -1.8895184993743896e-01</leafValues></_>
        <_>
          <internalNodes>
            0 -1 163 3.9631217718124390e-02</internalNodes>
          <leafValues>
            1.1301320791244507e-01 -8.1933838129043579e-01</leafValues></_>
        <_>
          <internalNodes>
            0 -1 122 -3.4672056790441275e-03</internalNodes>
          <leafValues>
            6.0426813364028931e-01 -1.2389884889125824e-01</leafValues></_>
        <_>
          <internalNodes>
            0 -1 93 -2.8609177097678185e-03</internalNodes>
          <leafValues>
            7.7380371093750000e-01 -9.7719654440879822e-02</leafValues></_>
        <_>
          <internalNodes>
            0 -1 154 -1.3407701044343412e-04</internalNodes>
          <leafValues>
            3.2629817724227905e-01 -1.9333440065383911e-01</leafValues></_>
        <_>
          <internalNodes>
            0 -1 182 -2.2737916151527315e-04</internalNodes>
          <leafValues>
            3.0453720688819885e-01 -2.1473228931427002e-01</leafValues></_>
        <_>
          <internalNodes>
            0 -1 99 1.1990405255346559e-05</internalNodes>
          <leafValues>
            -3.0251654982566833e-01 2.2081018984317780e-01</leafValues></_>
        <_>
          <internalNodes>
            0 -1 147 -3.6135699599981308e-02</internalNodes>
          <leafValues>
            -7.6058715581893921e-01 8.4199421107769012e-02</leafValues></_>
        <_>
          <internalNodes>
            0 -1 39 -1.5649103443138301e-04</internalNodes>
          <leafValues>
            -6.8139141798019409e-01 8.9191898703575134e-02</leafValues></_>
        <_>
          <internalNodes>
            0 -1 48 2.8157439827919006e-01</internalNodes>
          <leafValues>
            7.1998305618762970e-02 -8.6517864465713501e-01</leafValues></_>
        <_>
          <internalNodes>
            0 -1 193 1.3702403521165252e-03</internalNodes>
          <leafValues>
            -1.3265891373157501e-01 5.9074378013610840e-01</leafValues></_>
        <_>
          <internalNodes>
            0 -1 113 4.2566593736410141e-02</internalNodes>
          <leafValues>
            1.0965439677238464e-01 -7.1928775310516357e-01</leafValues></_>
        <_>
          <internalNodes>
            0 -1 210 -4.7464112867601216e-04</internalNodes>
          <leafValues>
            -5.6010335683822632e-01 1.0552331060171127e-01</leafValues></_>
        <_>
          <internalNodes>
            0 -1 93 1.2004943564534187e-03</internalNodes>
          <leafValues>
            -1.2759797275066376e-01 5.6103843450546265e-01</leafValues></_>
        <_>
          <internalNodes>
            0 -1 191 -1.9556369632482529e-02</internalNodes>
          <leafValues>
            4.4129043817520142e-01 -1.7263442277908325e-01</leafValues></_>
        <_>
          <internalNodes>
            0 -1 134 8.8166417554020882e-03</internalNodes>
          <leafValues>
            8.9910179376602173e-02 -8.7772107124328613e-01</leafValues></_>
        <_>
          <internalNodes>
            0 -1 201 1.1765560884668957e-05</internalNodes>
          <leafValues>
            -3.6295565962791443e-01 1.8485791981220245e-01</leafValues></_>
        <_>
          <internalNodes>
            0 -1 125 -1.0257529094815254e-02</internalNodes>
          <leafValues>
            4.7094103693962097e-01 -1.9324418902397156e-01</leafValues></_>
        <_>
          <internalNodes>
            0 -1 104 -6.9298851303756237e-03</internalNodes>
          <leafValues>
            2.9139435291290283e-01 -3.0664852261543274e-01</leafValues></_></weakClassifiers></_></stages>
  <features>
    <_>
      <rects>
        <_>
          0 0 12 15 -1.</_>
        <_>
          4 5 4 5 9.</_></rects>
      <tilted>0</tilted></_>
    <_>
      <rects>
        <_>
          0 0 5 8 -1.</_>
        <_>
          0 4 5 4 2.</_></rects>
      <tilted>0</tilted></_>
    <_>
      <rects>
        <_>
          0 0 10 16 -1.</_>
        <_>
          0 0 5 8 2.</_>
        <_>
          5 8 5 8 2.</_></rects>
      <tilted>0</tilted></_>
    <_>
      <rects>
        <_>
          0 0 16 24 -1.</_>
        <_>
          0 12 16 12 2.</_></rects>
      <tilted>0</tilted></_>
    <_>
      <rects>
        <_>
          0 1 1 12 -1.</_>
        <_>
          0 5 1 4 3.</_></rects>
      <tilted>0</tilted></_>
    <_>
      <rects>
        <_>
          0 2 6 8 -1.</_>
        <_>
          3 2 3 8 2.</_></rects>
      <tilted>0</tilted></_>
    <_>
      <rects>
        <_>
          0 2 3 18 -1.</_>
        <_>
          0 11 3 9 2.</_></rects>
      <tilted>0</tilted></_>
    <_>
      <rects>
        <_>
          0 3 2 21 -1.</_>
        <_>
          1 3 1 21 2.</_></rects>
      <tilted>0</tilted></_>
    <_>
      <rects>
        <_>
          0 3 6 16 -1.</_>
        <_>
          2 3 2 16 3.</_></rects>
      <tilted>0</tilted></_>
    <_>
      <rects>
        <_>
          0 3 8 16 -1.</_>
        <_>
          0 3 4 8 2.</_>
        <_>
          4 11 4 8 2.</_></rects>
      <tilted>0</tilted></_>
    <_>
      <rects>
        <_>
          0 6 2 13 -1.</_>
        <_>
          1 6 1 13 2.</_></rects>
      <tilted>0</tilted></_>
    <_>
      <rects>
        <_>
          0 7 9 2 -1.</_>
        <_>
          3 7 3 2 3.</_></rects>
      <tilted>0</tilted></_>
    <_>
      <rects>
        <_>
          0 8 24 7 -1.</_>
        <_>
          6 8 12 7 2.</_></rects>
      <tilted>0</tilted></_>
    <_>
      <rects>
        <_>
          0 11 10 12 -1.</_>
        <_>
          0 11 5 6 2.</_>
        <_>
          5 17 5 6 2.</_></rects>
      <tilted>0</tilted></_>
    <_>
      <rects>
        <_>
          0 12 4 5 -1.</_>
        <_>
          1 12 2 5 2.</_></rects>
      <tilted>0</tilted></_>
    <_>
      <rects>
        <_>
          0 13 10 10 -1.</_>
        <_>
          0 13 5 5 2.</_>
        <_>
          5 18 5 5 2.</_></rects>
      <tilted>0</tilted></_>
    <_>
      <rects>
        <_>
          0 14 24 10 -1.</_>
        <_>
          12 14 12 10 2.</_></rects>
      <tilted>0</tilted></_>
    <_>
      <rects>
        <_>
          0 17 6 6 -1.</_>
        <_>
          3 17 3 6 2.</_></rects>
      <tilted>0</tilted></_>
    <_>
      <rects>
        <_>
          0 22 2 2 -1.</_>
        <_>
          0 23 2 1 2.</_></rects>
      <tilted>0</tilted></_>
    <_>
      <rects>
        <_>
          1 1 8 18 -1.</_>
        <_>
          1 1 4 9 2.</_>
        <_>
          5 10 4 9 2.</_></rects>
      <tilted>0</tilted></_>
    <_>
      <rects>
        <_>
          1 2 12 1 -1.</_>
        <_>
          4 5 6 1 2.</_></rects>
      <tilted>1</tilted></_>
    <_>
      <rects>
        <_>
          1 4 21 20 -1.</_>
        <_>
          1 14 21 10 2.</_></rects>
      <tilted>0</tilted></_>
    <_>
      <rects>
        <_>
          1 8 6 2 -1.</_>
        <_>
          1 9 6 1 2.</_></rects>
      <tilted>0</tilted></_>
    <_>
      <rects>
        <_>
          1 9 6 8 -1.</_>
        <_>
          4 9 3 8 2.</_></rects>
      <tilted>0</tilted></_>
    <_>
      <rects>
        <_>
          1 10 15 5 -1.</_>
        <_>
          6 10 5 5 3.</_></rects>
      <tilted>0</tilted></_>
    <_>
      <rects>
        <_>
          1 12 18 11 -1.</_>
        <_>
          10 12 9 11 2.</_></rects>
      <tilted>0</tilted></_>
    <_>
      <rects>
        <_>
          2 1 12 2 -1.</_>
        <_>
          6 5 4 2 3.</_></rects>
      <tilted>1</tilted></_>
    <_>
      <rects>
        <_>
          2 2 12 12 -1.</_>
        <_>
          6 6 4 4 9.</_></rects>
      <tilted>0</tilted></_>
    <_>
      <rects>
        <_>
          2 6 16 4 -1.</_>
        <_>
          10 6 8 4 2.</_></rects>
      <tilted>0</tilted></_>
    <_>
      <rects>
        <_>
          2 8 4 10 -1.</_>
        <_>
          4 8 2 10 2.</_></rects>
      <tilted>0</tilted></_>
    <_>
      <rects>
        <_>
          2 8 12 3 -1.</_>
        <_>
          6 9 4 1 9.</_></rects>
      <tilted>0</tilted></_>
    <_>
      <rects>
        <_>
          2 12 8 2 -1.</_>
        <_>
          2 12 4 1 2.</_>
        <_>
          6 13 4 1 2.</_></rects>
      <tilted>0</tilted></_>
    <_>
      <rects>
        <_>
          2 13 22 6 -1.</_>
        <_>
          13 13 11 6 2.</_></rects>
      <tilted>0</tilted></_>
    <_>
      <rects>
        <_>
          3 5 20 17 -1.</_>
        <_>
          8 5 10 17 2.</_></rects>
      <tilted>0</tilted></_>
    <_>
      <rects>
        <_>
          3 5 14 16 -1.</_>
        <_>
          10 5 7 16 2.</_></rects>
      <tilted>0</tilted></_>
    <_>
      <rects>
        <_>
          3 7 4 12 -1.</_>
        <_>
          5 7 2 12 2.</_></rects>
      <tilted>0</tilted></_>
    <_>
      <rects>
        <_>
          3 7 21 8 -1.</_>
        <_>
          10 7 7 8 3.</_></rects>
      <tilted>0</tilted></_>
    <_>
      <rects>
        <_>
          3 7 21 10 -1.</_>
        <_>
          10 7 7 10 3.</_></rects>
      <tilted>0</tilted></_>
    <_>
      <rects>
        <_>
          3 7 9 9 -1.</_>
        <_>
          3 10 9 3 3.</_></rects>
      <tilted>0</tilted></_>
    <_>
      <rects>
        <_>
          3 8 3 1 -1.</_>
        <_>
          4 8 1 1 3.</_></rects>
      <tilted>0</tilted></_>
    <_>
      <rects>
        <_>
          3 8 3 3 -1.</_>
        <_>
          4 9 1 1 9.</_></rects>
      <tilted>0</tilted></_>
    <_>
      <rects>
        <_>
          3 9 3 1 -1.</_>
        <_>
          4 9 1 1 3.</_></rects>
      <tilted>0</tilted></_>
    <_>
      <rects>
        <_>
          3 9 4 1 -1.</_>
        <_>
          5 9 2 1 2.</_></rects>
      <tilted>0</tilted></_>
    <_>
      <rects>
        <_>
          3 13 6 2 -1.</_>
        <_>
          3 13 3 1 2.</_>
        <_>
          6 14 3 1 2.</_></rects>
      <tilted>0</tilted></_>
    <_>
      <rects>
        <_>
          3 13 5 3 -1.</_>
        <_>
          2 14 5 1 3.</_></rects>
      <tilted>1</tilted></_>
    <_>
      <rects>
        <_>
          3 15 4 2 -1.</_>
        <_>
          3 15 2 1 2.</_>
        <_>
          5 16 2 1 2.</_></rects>
      <tilted>0</tilted></_>
    <_>
      <rects>
        <_>
          3 16 10 8 -1.</_>
        <_>
          3 18 10 4 2.</_></rects>
      <tilted>0</tilted></_>
    <_>
      <rects>
        <_>
          4 1 20 2 -1.</_>
        <_>
          9 1 10 2 2.</_></rects>
      <tilted>0</tilted></_>
    <_>
      <rects>
        <_>
          4 2 20 22 -1.</_>
        <_>
          4 2 10 11 2.</_>
        <_>
          14 13 10 11 2.</_></rects>
      <tilted>0</tilted></_>
    <_>
      <rects>
        <_>
          4 4 1 2 -1.</_>
        <_>
          4 5 1 1 2.</_></rects>
      <tilted>0</tilted></_>
    <_>
      <rects>
        <_>
          4 5 4 14 -1.</_>
        <_>
          4 12 4 7 2.</_></rects>
      <tilted>0</tilted></_>
    <_>
      <rects>
        <_>
          4 6 10 16 -1.</_>
        <_>
          9 6 5 16 2.</_></rects>
      <tilted>0</tilted></_>
    <_>
      <rects>
        <_>
          4 7 1 2 -1.</_>
        <_>
          4 8 1 1 2.</_></rects>
      <tilted>0</tilted></_>
    <_>
      <rects>
        <_>
          4 7 3 3 -1.</_>
        <_>
          5 8 1 1 9.</_></rects>
      <tilted>0</tilted></_>
    <_>
      <rects>
        <_>
          4 8 2 1 -1.</_>
        <_>
          5 8 1 1 2.</_></rects>
      <tilted>0</tilted></_>
    <_>
      <rects>
        <_>
          4 8 1 2 -1.</_>
        <_>
          4 9 1 1 2.</_></rects>
      <tilted>0</tilted></_>
    <_>
      <rects>
        <_>
          4 8 4 1 -1.</_>
        <_>
          5 8 2 1 2.</_></rects>
      <tilted>0</tilted></_>
    <_>
      <rects>
        <_>
          4 8 3 2 -1.</_>
        <_>
          4 9 3 1 2.</_></rects>
      <tilted>0</tilted></_>
    <_>
      <rects>
        <_>
          4 8 20 9 -1.</_>
        <_>
          9 8 10 9 2.</_></rects>
      <tilted>0</tilted></_>
    <_>
      <rects>
        <_>
          4 9 20 9 -1.</_>
        <_>
          9 9 10 9 2.</_></rects>
      <tilted>0</tilted></_>
    <_>
      <rects>
        <_>
          5 0 10 16 -1.</_>
        <_>
          10 0 5 16 2.</_></rects>
      <tilted>0</tilted></_>
    <_>
      <rects>
        <_>
          5 0 13 2 -1.</_>
        <_>
          5 1 13 1 2.</_></rects>
      <tilted>0</tilted></_>
    <_>
      <rects>
        <_>
          5 1 3 2 -1.</_>
        <_>
          5 2 3 1 2.</_></rects>
      <tilted>0</tilted></_>
    <_>
      <rects>
        <_>
          5 5 2 2 -1.</_>
        <_>
          5 5 1 2 2.</_></rects>
      <tilted>1</tilted></_>
    <_>
      <rects>
        <_>
          5 5 9 5 -1.</_>
        <_>
          8 8 3 5 3.</_></rects>
      <tilted>1</tilted></_>
    <_>
      <rects>
        <_>
          5 6 1 2 -1.</_>
        <_>
          5 7 1 1 2.</_></rects>
      <tilted>0</tilted></_>
    <_>
      <rects>
        <_>
          5 7 3 3 -1.</_>
        <_>
          6 8 1 1 9.</_></rects>
      <tilted>0</tilted></_>
    <_>
      <rects>
        <_>
          5 7 4 1 -1.</_>
        <_>
          7 7 2 1 2.</_></rects>
      <tilted>0</tilted></_>
    <_>
      <rects>
        <_>
          5 7 2 2 -1.</_>
        <_>
          5 8 2 1 2.</_></rects>
      <tilted>0</tilted></_>
    <_>
      <rects>
        <_>
          5 8 3 3 -1.</_>
        <_>
          6 9 1 1 9.</_></rects>
      <tilted>0</tilted></_>
    <_>
      <rects>
        <_>
          5 8 3 2 -1.</_>
        <_>
          5 9 3 1 2.</_></rects>
      <tilted>0</tilted></_>
    <_>
      <rects>
        <_>
          5 8 18 3 -1.</_>
        <_>
          11 8 6 3 3.</_></rects>
      <tilted>0</tilted></_>
    <_>
      <rects>
        <_>
          5 9 1 2 -1.</_>
        <_>
          5 10 1 1 2.</_></rects>
      <tilted>0</tilted></_>
    <_>
      <rects>
        <_>
          5 9 2 2 -1.</_>
        <_>
          5 10 2 1 2.</_></rects>
      <tilted>0</tilted></_>
    <_>
      <rects>
        <_>
          5 9 3 2 -1.</_>
        <_>
          5 10 3 1 2.</_></rects>
      <tilted>0</tilted></_>
    <_>
      <rects>
        <_>
          5 10 1 2 -1.</_>
        <_>
          5 10 1 1 2.</_></rects>
      <tilted>1</tilted></_>
    <_>
      <rects>
        <_>
          5 13 4 2 -1.</_>
        <_>
          5 13 2 1 2.</_>
        <_>
          7 14 2 1 2.</_></rects>
      <tilted>0</tilted></_>
    <_>
      <rects>
        <_>
          5 13 14 11 -1.</_>
        <_>
          12 13 7 11 2.</_></rects>
      <tilted>0</tilted></_>
    <_>
      <rects>
        <_>
          5 14 8 8 -1.</_>
        <_>
          9 14 4 8 2.</_></rects>
      <tilted>0</tilted></_>
    <_>
      <rects>
        <_>
          5 16 2 2 -1.</_>
        <_>
          5 16 1 1 2.</_>
        <_>
          6 17 1 1 2.</_></rects>
      <tilted>0</tilted></_>
    <_>
      <rects>
        <_>
          6 0 10 10 -1.</_>
        <_>
          6 0 5 5 2.</_>
        <_>
          11 5 5 5 2.</_></rects>
      <tilted>0</tilted></_>
    <_>
      <rects>
        <_>
          6 1 10 6 -1.</_>
        <_>
          4 3 10 2 3.</_></rects>
      <tilted>1</tilted></_>
    <_>
      <rects>
        <_>
          6 2 8 8 -1.</_>
        <_>
          10 2 4 8 2.</_></rects>
      <tilted>0</tilted></_>
    <_>
      <rects>
        <_>
          6 3 16 14 -1.</_>
        <_>
          6 10 16 7 2.</_></rects>
      <tilted>0</tilted></_>
    <_>
      <rects>
        <_>
          6 5 8 6 -1.</_>
        <_>
          8 7 4 6 2.</_></rects>
      <tilted>1</tilted></_>
    <_>
      <rects>
        <_>
          6 6 17 10 -1.</_>
        <_>
          6 11 17 5 2.</_></rects>
      <tilted>0</tilted></_>
    <_>
      <rects>
        <_>
          6 7 1 2 -1.</_>
        <_>
          6 7 1 1 2.</_></rects>
      <tilted>1</tilted></_>
    <_>
      <rects>
        <_>
          6 8 2 1 -1.</_>
        <_>
          7 8 1 1 2.</_></rects>
      <tilted>0</tilted></_>
    <_>
      <rects>
        <_>
          6 8 1 2 -1.</_>
        <_>
          6 9 1 1 2.</_></rects>
      <tilted>0</tilted></_>
    <_>
      <rects>
        <_>
          6 8 3 1 -1.</_>
        <_>
          7 8 1 1 3.</_></rects>
      <tilted>0</tilted></_>
    <_>
      <rects>
        <_>
          6 8 1 2 -1.</_>
        <_>
          6 8 1 1 2.</_></rects>
      <tilted>1</tilted></_>
    <_>
      <rects>
        <_>
          6 10 18 3 -1.</_>
        <_>
          12 11 6 1 9.</_></rects>
      <tilted>0</tilted></_>
    <_>
      <rects>
        <_>
          6 11 8 13 -1.</_>
        <_>
          10 11 4 13 2.</_></rects>
      <tilted>0</tilted></_>
    <_>
      <rects>
        <_>
          6 12 2 2 -1.</_>
        <_>
          6 12 1 1 2.</_>
        <_>
          7 13 1 1 2.</_></rects>
      <tilted>0</tilted></_>
    <_>
      <rects>
        <_>
          6 12 18 2 -1.</_>
        <_>
          12 12 6 2 3.</_></rects>
      <tilted>0</tilted></_>
    <_>
      <rects>
        <_>
          6 12 12 12 -1.</_>
        <_>
          12 12 6 12 2.</_></rects>
      <tilted>0</tilted></_>
    <_>
      <rects>
        <_>
          6 14 1 3 -1.</_>
        <_>
          6 15 1 1 3.</_></rects>
      <tilted>0</tilted></_>
    <_>
      <rects>
        <_>
          6 14 4 6 -1.</_>
        <_>
          4 16 4 2 3.</_></rects>
      <tilted>1</tilted></_>
    <_>
      <rects>
        <_>
          7 0 8 7 -1.</_>
        <_>
          9 2 4 7 2.</_></rects>
      <tilted>1</tilted></_>
    <_>
      <rects>
        <_>
          7 0 15 2 -1.</_>
        <_>
          7 1 15 1 2.</_></rects>
      <tilted>0</tilted></_>
    <_>
      <rects>
        <_>
          7 1 6 4 -1.</_>
        <_>
          9 3 2 4 3.</_></rects>
      <tilted>1</tilted></_>
    <_>
      <rects>
        <_>
          7 3 8 20 -1.</_>
        <_>
          7 13 8 10 2.</_></rects>
      <tilted>0</tilted></_>
    <_>
      <rects>
        <_>
          7 4 8 5 -1.</_>
        <_>
          7 4 4 5 2.</_></rects>
      <tilted>1</tilted></_>
    <_>
      <rects>
        <_>
          7 4 14 5 -1.</_>
        <_>
          7 4 7 5 2.</_></rects>
      <tilted>1</tilted></_>
    <_>
      <rects>
        <_>
          7 4 11 4 -1.</_>
        <_>
          7 6 11 2 2.</_></rects>
      <tilted>0</tilted></_>
    <_>
      <rects>
        <_>
          7 8 2 1 -1.</_>
        <_>
          8 8 1 1 2.</_></rects>
      <tilted>0</tilted></_>
    <_>
      <rects>
        <_>
          7 9 15 6 -1.</_>
        <_>
          12 11 5 2 9.</_></rects>
      <tilted>0</tilted></_>
    <_>
      <rects>
        <_>
          7 10 10 12 -1.</_>
        <_>
          7 14 10 4 3.</_></rects>
      <tilted>0</tilted></_>
    <_>
      <rects>
        <_>
          7 11 11 12 -1.</_>
        <_>
          7 15 11 4 3.</_></rects>
      <tilted>0</tilted></_>
    <_>
      <rects>
        <_>
          7 12 2 2 -1.</_>
        <_>
          7 12 1 1 2.</_>
        <_>
          8 13 1 1 2.</_></rects>
      <tilted>0</tilted></_>
    <_>
      <rects>
        <_>
          7 12 3 3 -1.</_>
        <_>
          8 13 1 1 9.</_></rects>
      <tilted>0</tilted></_>
    <_>
      <rects>
        <_>
          7 13 2 2 -1.</_>
        <_>
          7 13 1 1 2.</_>
        <_>
          8 14 1 1 2.</_></rects>
      <tilted>0</tilted></_>
    <_>
      <rects>
        <_>
          7 15 13 8 -1.</_>
        <_>
          7 17 13 4 2.</_></rects>
      <tilted>0</tilted></_>
    <_>
      <rects>
        <_>
          7 16 12 8 -1.</_>
        <_>
          11 16 4 8 3.</_></rects>
      <tilted>0</tilted></_>
    <_>
      <rects>
        <_>
          8 2 13 8 -1.</_>
        <_>
          8 6 13 4 2.</_></rects>
      <tilted>0</tilted></_>
    <_>
      <rects>
        <_>
          8 4 12 8 -1.</_>
        <_>
          8 4 6 8 2.</_></rects>
      <tilted>1</tilted></_>
    <_>
      <rects>
        <_>
          8 5 1 3 -1.</_>
        <_>
          7 6 1 1 3.</_></rects>
      <tilted>1</tilted></_>
    <_>
      <rects>
        <_>
          8 9 2 3 -1.</_>
        <_>
          8 10 2 1 3.</_></rects>
      <tilted>0</tilted></_>
    <_>
      <rects>
        <_>
          8 9 3 3 -1.</_>
        <_>
          8 10 3 1 3.</_></rects>
      <tilted>0</tilted></_>
    <_>
      <rects>
        <_>
          8 9 4 2 -1.</_>
        <_>
          8 10 4 1 2.</_></rects>
      <tilted>0</tilted></_>
    <_>
      <rects>
        <_>
          8 11 6 8 -1.</_>
        <_>
          11 11 3 8 2.</_></rects>
      <tilted>0</tilted></_>
    <_>
      <rects>
        <_>
          8 13 10 10 -1.</_>
        <_>
          8 18 10 5 2.</_></rects>
      <tilted>0</tilted></_>
    <_>
      <rects>
        <_>
          8 14 1 3 -1.</_>
        <_>
          8 15 1 1 3.</_></rects>
      <tilted>0</tilted></_>
    <_>
      <rects>
        <_>
          8 14 2 2 -1.</_>
        <_>
          8 14 1 1 2.</_>
        <_>
          9 15 1 1 2.</_></rects>
      <tilted>0</tilted></_>
    <_>
      <rects>
        <_>
          9 2 9 4 -1.</_>
        <_>
          9 4 9 2 2.</_></rects>
      <tilted>0</tilted></_>
    <_>
      <rects>
        <_>
          9 2 10 6 -1.</_>
        <_>
          9 4 10 2 3.</_></rects>
      <tilted>0</tilted></_>
    <_>
      <rects>
        <_>
          9 3 8 8 -1.</_>
        <_>
          9 3 4 8 2.</_></rects>
      <tilted>1</tilted></_>
    <_>
      <rects>
        <_>
          9 5 4 5 -1.</_>
        <_>
          9 5 2 5 2.</_></rects>
      <tilted>1</tilted></_>
    <_>
      <rects>
        <_>
          9 8 4 1 -1.</_>
        <_>
          11 8 2 1 2.</_></rects>
      <tilted>0</tilted></_>
    <_>
      <rects>
        <_>
          9 8 4 6 -1.</_>
        <_>
          9 8 2 3 2.</_>
        <_>
          11 11 2 3 2.</_></rects>
      <tilted>0</tilted></_>
    <_>
      <rects>
        <_>
          9 9 2 2 -1.</_>
        <_>
          9 9 1 1 2.</_>
        <_>
          10 10 1 1 2.</_></rects>
      <tilted>0</tilted></_>
    <_>
      <rects>
        <_>
          9 9 2 4 -1.</_>
        <_>
          9 9 1 2 2.</_>
        <_>
          10 11 1 2 2.</_></rects>
      <tilted>0</tilted></_>
    <_>
      <rects>
        <_>
          9 9 4 2 -1.</_>
        <_>
          9 9 2 1 2.</_>
        <_>
          11 10 2 1 2.</_></rects>
      <tilted>0</tilted></_>
    <_>
      <rects>
        <_>
          9 10 12 6 -1.</_>
        <_>
          13 12 4 2 9.</_></rects>
      <tilted>0</tilted></_>
    <_>
      <rects>
        <_>
          9 11 6 4 -1.</_>
        <_>
          12 11 3 4 2.</_></rects>
      <tilted>0</tilted></_>
    <_>
      <rects>
        <_>
          9 20 12 4 -1.</_>
        <_>
          9 20 6 2 2.</_>
        <_>
          15 22 6 2 2.</_></rects>
      <tilted>0</tilted></_>
    <_>
      <rects>
        <_>
          10 1 7 9 -1.</_>
        <_>
          7 4 7 3 3.</_></rects>
      <tilted>1</tilted></_>
    <_>
      <rects>
        <_>
          10 4 7 4 -1.</_>
        <_>
          10 5 7 2 2.</_></rects>
      <tilted>0</tilted></_>
    <_>
      <rects>
        <_>
          10 7 6 12 -1.</_>
        <_>
          12 11 2 4 9.</_></rects>
      <tilted>0</tilted></_>
    <_>
      <rects>
        <_>
          10 8 1 3 -1.</_>
        <_>
          10 9 1 1 3.</_></rects>
      <tilted>0</tilted></_>
    <_>
      <rects>
        <_>
          10 8 2 2 -1.</_>
        <_>
          10 8 1 1 2.</_>
        <_>
          11 9 1 1 2.</_></rects>
      <tilted>0</tilted></_>
    <_>
      <rects>
        <_>
          10 9 1 3 -1.</_>
        <_>
          10 10 1 1 3.</_></rects>
      <tilted>0</tilted></_>
    <_>
      <rects>
        <_>
          10 9 2 2 -1.</_>
        <_>
          10 9 1 1 2.</_>
        <_>
          11 10 1 1 2.</_></rects>
      <tilted>0</tilted></_>
    <_>
      <rects>
        <_>
          10 9 2 3 -1.</_>
        <_>
          10 10 2 1 3.</_></rects>
      <tilted>0</tilted></_>
    <_>
      <rects>
        <_>
          10 9 12 5 -1.</_>
        <_>
          13 9 6 5 2.</_></rects>
      <tilted>0</tilted></_>
    <_>
      <rects>
        <_>
          10 10 1 3 -1.</_>
        <_>
          10 11 1 1 3.</_></rects>
      <tilted>0</tilted></_>
    <_>
      <rects>
        <_>
          10 10 2 2 -1.</_>
        <_>
          10 10 1 1 2.</_>
        <_>
          11 11 1 1 2.</_></rects>
      <tilted>0</tilted></_>
    <_>
      <rects>
        <_>
          10 10 6 14 -1.</_>
        <_>
          13 10 3 14 2.</_></rects>
      <tilted>0</tilted></_>
    <_>
      <rects>
        <_>
          11 2 12 10 -1.</_>
        <_>
          15 6 4 10 3.</_></rects>
      <tilted>1</tilted></_>
    <_>
      <rects>
        <_>
          11 5 2 6 -1.</_>
        <_>
          11 5 2 3 2.</_></rects>
      <tilted>1</tilted></_>
    <_>
      <rects>
        <_>
          11 9 2 2 -1.</_>
        <_>
          11 9 1 1 2.</_>
        <_>
          12 10 1 1 2.</_></rects>
      <tilted>0</tilted></_>
    <_>
      <rects>
        <_>
          11 10 2 2 -1.</_>
        <_>
          11 10 1 1 2.</_>
        <_>
          12 11 1 1 2.</_></rects>
      <tilted>0</tilted></_>
    <_>
      <rects>
        <_>
          11 11 1 2 -1.</_>
        <_>
          11 12 1 1 2.</_></rects>
      <tilted>0</tilted></_>
    <_>
      <rects>
        <_>
          11 11 1 3 -1.</_>
        <_>
          11 12 1 1 3.</_></rects>
      <tilted>0</tilted></_>
    <_>
      <rects>
        <_>
          11 11 2 2 -1.</_>
        <_>
          11 11 1 1 2.</_>
        <_>
          12 12 1 1 2.</_></rects>
      <tilted>0</tilted></_>
    <_>
      <rects>
        <_>
          11 11 4 2 -1.</_>
        <_>
          11 11 2 1 2.</_>
        <_>
          13 12 2 1 2.</_></rects>
      <tilted>0</tilted></_>
    <_>
      <rects>
        <_>
          11 12 1 2 -1.</_>
        <_>
          11 13 1 1 2.</_></rects>
      <tilted>0</tilted></_>
    <_>
      <rects>
        <_>
          11 12 3 1 -1.</_>
        <_>
          12 12 1 1 3.</_></rects>
      <tilted>0</tilted></_>
    <_>
      <rects>
        <_>
          11 12 2 2 -1.</_>
        <_>
          11 12 1 1 2.</_>
        <_>
          12 13 1 1 2.</_></rects>
      <tilted>0</tilted></_>
    <_>
      <rects>
        <_>
          12 0 3 24 -1.</_>
        <_>
          12 12 3 12 2.</_></rects>
      <tilted>0</tilted></_>
    <_>
      <rects>
        <_>
          12 0 12 3 -1.</_>
        <_>
          18 0 6 3 2.</_></rects>
      <tilted>0</tilted></_>
    <_>
      <rects>
        <_>
          12 0 12 12 -1.</_>
        <_>
          12 0 6 6 2.</_>
        <_>
          18 6 6 6 2.</_></rects>
      <tilted>0</tilted></_>
    <_>
      <rects>
        <_>
          12 2 12 9 -1.</_>
        <_>
          16 6 4 9 3.</_></rects>
      <tilted>1</tilted></_>
    <_>
      <rects>
        <_>
          12 4 10 15 -1.</_>
        <_>
          12 9 10 5 3.</_></rects>
      <tilted>0</tilted></_>
    <_>
      <rects>
        <_>
          12 8 12 16 -1.</_>
        <_>
          12 8 6 8 2.</_>
        <_>
          18 16 6 8 2.</_></rects>
      <tilted>0</tilted></_>
    <_>
      <rects>
        <_>
          12 10 1 3 -1.</_>
        <_>
          12 11 1 1 3.</_></rects>
      <tilted>0</tilted></_>
    <_>
      <rects>
        <_>
          12 10 12 14 -1.</_>
        <_>
          12 10 6 7 2.</_>
        <_>
          18 17 6 7 2.</_></rects>
      <tilted>0</tilted></_>
    <_>
      <rects>
        <_>
          12 11 1 4 -1.</_>
        <_>
          12 12 1 2 2.</_></rects>
      <tilted>0</tilted></_>
    <_>
      <rects>
        <_>
          12 13 3 3 -1.</_>
        <_>
          13 14 1 1 9.</_></rects>
      <tilted>0</tilted></_>
    <_>
      <rects>
        <_>
          12 14 2 2 -1.</_>
        <_>
          12 15 2 1 2.</_></rects>
      <tilted>0</tilted></_>
    <_>
      <rects>
        <_>
          12 15 1 2 -1.</_>
        <_>
          12 16 1 1 2.</_></rects>
      <tilted>0</tilted></_>
    <_>
      <rects>
        <_>
          12 15 1 3 -1.</_>
        <_>
          12 16 1 1 3.</_></rects>
      <tilted>0</tilted></_>
    <_>
      <rects>
        <_>
          12 16 1 3 -1.</_>
        <_>
          12 17 1 1 3.</_></rects>
      <tilted>0</tilted></_>
    <_>
      <rects>
        <_>
          12 17 1 3 -1.</_>
        <_>
          12 18 1 1 3.</_></rects>
      <tilted>0</tilted></_>
    <_>
      <rects>
        <_>
          12 20 12 4 -1.</_>
        <_>
          18 20 6 4 2.</_></rects>
      <tilted>0</tilted></_>
    <_>
      <rects>
        <_>
          13 6 3 15 -1.</_>
        <_>
          13 11 3 5 3.</_></rects>
      <tilted>0</tilted></_>
    <_>
      <rects>
        <_>
          13 9 3 2 -1.</_>
        <_>
          14 9 1 2 3.</_></rects>
      <tilted>0</tilted></_>
    <_>
      <rects>
        <_>
          13 14 1 3 -1.</_>
        <_>
          13 15 1 1 3.</_></rects>
      <tilted>0</tilted></_>
    <_>
      <rects>
        <_>
          13 14 2 2 -1.</_>
        <_>
          13 14 1 1 2.</_>
        <_>
          14 15 1 1 2.</_></rects>
      <tilted>0</tilted></_>
    <_>
      <rects>
        <_>
          13 17 1 3 -1.</_>
        <_>
          13 18 1 1 3.</_></rects>
      <tilted>0</tilted></_>
    <_>
      <rects>
        <_>
          13 18 4 2 -1.</_>
        <_>
          13 18 2 1 2.</_>
        <_>
          15 19 2 1 2.</_></rects>
      <tilted>0</tilted></_>
    <_>
      <rects>
        <_>
          14 4 4 10 -1.</_>
        <_>
          15 5 2 10 2.</_></rects>
      <tilted>1</tilted></_>
    <_>
      <rects>
        <_>
          14 8 3 2 -1.</_>
        <_>
          14 8 3 1 2.</_></rects>
      <tilted>1</tilted></_>
    <_>
      <rects>
        <_>
          14 9 10 6 -1.</_>
        <_>
          19 9 5 6 2.</_></rects>
      <tilted>0</tilted></_>
    <_>
      <rects>
        <_>
          14 13 1 2 -1.</_>
        <_>
          14 14 1 1 2.</_></rects>
      <tilted>0</tilted></_>
    <_>
      <rects>
        <_>
          14 14 2 2 -1.</_>
        <_>
          14 14 1 1 2.</_>
        <_>
          15 15 1 1 2.</_></rects>
      <tilted>0</tilted></_>
    <_>
      <rects>
        <_>
          14 15 1 3 -1.</_>
        <_>
          14 16 1 1 3.</_></rects>
      <tilted>0</tilted></_>
    <_>
      <rects>
        <_>
          14 15 2 2 -1.</_>
        <_>
          14 15 1 1 2.</_>
        <_>
          15 16 1 1 2.</_></rects>
      <tilted>0</tilted></_>
    <_>
      <rects>
        <_>
          15 7 2 3 -1.</_>
        <_>
          14 8 2 1 3.</_></rects>
      <tilted>1</tilted></_>
    <_>
      <rects>
        <_>
          15 7 8 6 -1.</_>
        <_>
          19 7 4 6 2.</_></rects>
      <tilted>0</tilted></_>
    <_>
      <rects>
        <_>
          15 9 2 4 -1.</_>
        <_>
          15 9 2 2 2.</_></rects>
      <tilted>1</tilted></_>
    <_>
      <rects>
        <_>
          16 4 3 10 -1.</_>
        <_>
          17 5 1 10 3.</_></rects>
      <tilted>1</tilted></_>
    <_>
      <rects>
        <_>
          16 7 6 7 -1.</_>
        <_>
          19 7 3 7 2.</_></rects>
      <tilted>0</tilted></_>
    <_>
      <rects>
        <_>
          16 17 2 2 -1.</_>
        <_>
          16 17 1 1 2.</_>
        <_>
          17 18 1 1 2.</_></rects>
      <tilted>0</tilted></_>
    <_>
      <rects>
        <_>
          17 0 5 2 -1.</_>
        <_>
          17 1 5 1 2.</_></rects>
      <tilted>0</tilted></_>
    <_>
      <rects>
        <_>
          17 12 2 5 -1.</_>
        <_>
          18 12 1 5 2.</_></rects>
      <tilted>0</tilted></_>
    <_>
      <rects>
        <_>
          17 14 2 2 -1.</_>
        <_>
          17 14 1 1 2.</_>
        <_>
          18 15 1 1 2.</_></rects>
      <tilted>0</tilted></_>
    <_>
      <rects>
        <_>
          18 2 6 14 -1.</_>
        <_>
          18 2 3 7 2.</_>
        <_>
          21 9 3 7 2.</_></rects>
      <tilted>0</tilted></_>
    <_>
      <rects>
        <_>
          18 3 6 2 -1.</_>
        <_>
          18 3 6 1 2.</_></rects>
      <tilted>1</tilted></_>
    <_>
      <rects>
        <_>
          18 5 6 4 -1.</_>
        <_>
          20 5 2 4 3.</_></rects>
      <tilted>0</tilted></_>
    <_>
      <rects>
        <_>
          18 13 3 5 -1.</_>
        <_>
          19 13 1 5 3.</_></rects>
      <tilted>0</tilted></_>
    <_>
      <rects>
        <_>
          19 0 3 8 -1.</_>
        <_>
          19 4 3 4 2.</_></rects>
      <tilted>0</tilted></_>
    <_>
      <rects>
        <_>
          19 2 4 6 -1.</_>
        <_>
          17 4 4 2 3.</_></rects>
      <tilted>1</tilted></_>
    <_>
      <rects>
        <_>
          20 0 2 4 -1.</_>
        <_>
          20 2 2 2 2.</_></rects>
      <tilted>0</tilted></_>
    <_>
      <rects>
        <_>
          20 2 4 6 -1.</_>
        <_>
          18 4 4 2 3.</_></rects>
      <tilted>1</tilted></_>
    <_>
      <rects>
        <_>
          20 3 4 12 -1.</_>
        <_>
          20 3 2 6 2.</_>
        <_>
          22 9 2 6 2.</_></rects>
      <tilted>0</tilted></_>
    <_>
      <rects>
        <_>
          20 4 3 12 -1.</_>
        <_>
          16 8 3 4 3.</_></rects>
      <tilted>1</tilted></_>
    <_>
      <rects>
        <_>
          21 1 3 10 -1.</_>
        <_>
          21 6 3 5 2.</_></rects>
      <tilted>0</tilted></_>
    <_>
      <rects>
        <_>
          21 6 1 2 -1.</_>
        <_>
          21 7 1 1 2.</_></rects>
      <tilted>0</tilted></_>
    <_>
      <rects>
        <_>
          22 1 2 20 -1.</_>
        <_>
          23 1 1 20 2.</_></rects>
      <tilted>0</tilted></_>
    <_>
      <rects>
        <_>
          22 1 2 2 -1.</_>
        <_>
          22 2 2 1 2.</_></rects>
      <tilted>0</tilted></_>
    <_>
      <rects>
        <_>
          22 2 2 18 -1.</_>
        <_>
          23 2 1 18 2.</_></rects>
      <tilted>0</tilted></_>
    <_>
      <rects>
        <_>
          22 6 2 12 -1.</_>
        <_>
          23 6 1 12 2.</_></rects>
      <tilted>0</tilted></_>
    <_>
      <rects>
        <_>
          23 0 1 2 -1.</_>
        <_>
          23 1 1 1 2.</_></rects>
      <tilted>0</tilted></_>
    <_>
      <rects>
        <_>
          23 0 1 6 -1.</_>
        <_>
          23 0 1 3 2.</_></rects>
      <tilted>1</tilted></_>
    <_>
      <rects>
        <_>
          23 8 1 4 -1.</_>
        <_>
          23 10 1 2 2.</_></rects>
      <tilted>0</tilted></_></features></cascade>
</opencv_storage>
