<?xml version="1.0"?>

<!-- trained by Trevor Sherrard -->
<!-- Email: SherrardTr@gmail.com -->
<!-- GitHub: https://github.com/sherrardTr4129 -->

<opencv_storage>
<cascade>
  <stageType>BOOST</stageType>
  <featureType>HAAR</featureType>
  <height>24</height>
  <width>24</width>
  <stageParams>
    <boostType>GAB</boostType>
    <minHitRate>9.9900001287460327e-01</minHitRate>
    <maxFalseAlarm>5.0000000000000000e-01</maxFalseAlarm>
    <weightTrimRate>9.4999999999999996e-01</weightTrimRate>
    <maxDepth>1</maxDepth>
    <maxWeakCount>100</maxWeakCount></stageParams>
  <featureParams>
    <maxCatCount>0</maxCatCount>
    <featSize>1</featSize>
    <mode>ALL</mode></featureParams>
  <stageNum>17</stageNum>
  <stages>
    <!-- stage 0 -->
    <_>
      <maxWeakCount>3</maxWeakCount>
      <stageThreshold>-9.7352719306945801e-01</stageThreshold>
      <weakClassifiers>
        <_>
          <internalNodes>
            0 -1 18 -3.8870878517627716e-02</internalNodes>
          <leafValues>
            8.9183872938156128e-01 -8.6963981389999390e-01</leafValues></_>
        <_>
          <internalNodes>
            0 -1 69 -3.0089695006608963e-02</internalNodes>
          <leafValues>
            8.3410871028900146e-01 -7.5854355096817017e-01</leafValues></_>
        <_>
          <internalNodes>
            0 -1 53 5.8371327817440033e-02</internalNodes>
          <leafValues>
            -7.5914645195007324e-01 6.5465611219406128e-01</leafValues></_></weakClassifiers></_>
    <!-- stage 1 -->
    <_>
      <maxWeakCount>5</maxWeakCount>
      <stageThreshold>-1.3280261754989624e+00</stageThreshold>
      <weakClassifiers>
        <_>
          <internalNodes>
            0 -1 9 -5.0599552690982819e-02</internalNodes>
          <leafValues>
            7.7798682451248169e-01 -7.9515826702117920e-01</leafValues></_>
        <_>
          <internalNodes>
            0 -1 123 -1.7356464013573714e-05</internalNodes>
          <leafValues>
            6.1290115118026733e-01 -8.2943719625473022e-01</leafValues></_>
        <_>
          <internalNodes>
            0 -1 109 -2.8085289523005486e-04</internalNodes>
          <leafValues>
            5.4555803537368774e-01 -8.1374233961105347e-01</leafValues></_>
        <_>
          <internalNodes>
            0 -1 98 -2.2700136469211429e-04</internalNodes>
          <leafValues>
            5.5065613985061646e-01 -7.4749553203582764e-01</leafValues></_>
        <_>
          <internalNodes>
            0 -1 0 -5.7925976812839508e-02</internalNodes>
          <leafValues>
            4.9850687384605408e-01 -7.3234283924102783e-01</leafValues></_></weakClassifiers></_>
    <!-- stage 2 -->
    <_>
      <maxWeakCount>5</maxWeakCount>
      <stageThreshold>-9.6604090929031372e-01</stageThreshold>
      <weakClassifiers>
        <_>
          <internalNodes>
            0 -1 137 -1.7106034647440538e-05</internalNodes>
          <leafValues>
            8.0776697397232056e-01 -7.5789475440979004e-01</leafValues></_>
        <_>
          <internalNodes>
            0 -1 37 8.8669978082180023e-02</internalNodes>
          <leafValues>
            -4.8889344930648804e-01 8.1126856803894043e-01</leafValues></_>
        <_>
          <internalNodes>
            0 -1 10 -1.2567889876663685e-02</internalNodes>
          <leafValues>
            5.4365915060043335e-01 -9.2475956678390503e-01</leafValues></_>
        <_>
          <internalNodes>
            0 -1 122 -1.7732651031110436e-05</internalNodes>
          <leafValues>
            5.0040459632873535e-01 -8.1185328960418701e-01</leafValues></_>
        <_>
          <internalNodes>
            0 -1 95 -1.5472725965082645e-02</internalNodes>
          <leafValues>
            5.4894137382507324e-01 -6.9181233644485474e-01</leafValues></_></weakClassifiers></_>
    <!-- stage 3 -->
    <_>
      <maxWeakCount>6</maxWeakCount>
      <stageThreshold>-1.7767193317413330e+00</stageThreshold>
      <weakClassifiers>
        <_>
          <internalNodes>
            0 -1 11 1.8371689293417148e-05</internalNodes>
          <leafValues>
            -7.2033900022506714e-01 6.5602838993072510e-01</leafValues></_>
        <_>
          <internalNodes>
            0 -1 41 -4.5178681612014771e-02</internalNodes>
          <leafValues>
            5.2910399436950684e-01 -7.3085427284240723e-01</leafValues></_>
        <_>
          <internalNodes>
            0 -1 104 -1.5004382476035971e-05</internalNodes>
          <leafValues>
            5.2567732334136963e-01 -6.4174658060073853e-01</leafValues></_>
        <_>
          <internalNodes>
            0 -1 3 -2.9969703406095505e-02</internalNodes>
          <leafValues>
            4.0396738052368164e-01 -7.6704025268554688e-01</leafValues></_>
        <_>
          <internalNodes>
            0 -1 136 -1.6007857993827201e-05</internalNodes>
          <leafValues>
            4.2286899685859680e-01 -6.9529372453689575e-01</leafValues></_>
        <_>
          <internalNodes>
            0 -1 17 1.8894923414336517e-05</internalNodes>
          <leafValues>
            -7.6882046461105347e-01 3.5913351178169250e-01</leafValues></_></weakClassifiers></_>
    <!-- stage 4 -->
    <_>
      <maxWeakCount>5</maxWeakCount>
      <stageThreshold>-1.2442957162857056e+00</stageThreshold>
      <weakClassifiers>
        <_>
          <internalNodes>
            0 -1 27 -3.9984785020351410e-02</internalNodes>
          <leafValues>
            8.1059062480926514e-01 -6.4077669382095337e-01</leafValues></_>
        <_>
          <internalNodes>
            0 -1 87 -6.7621814087033272e-03</internalNodes>
          <leafValues>
            5.1338857412338257e-01 -8.0080837011337280e-01</leafValues></_>
        <_>
          <internalNodes>
            0 -1 145 1.3384524732828140e-02</internalNodes>
          <leafValues>
            -6.9552862644195557e-01 4.4002777338027954e-01</leafValues></_>
        <_>
          <internalNodes>
            0 -1 39 -4.5602738857269287e-02</internalNodes>
          <leafValues>
            4.0313151478767395e-01 -8.3789032697677612e-01</leafValues></_>
        <_>
          <internalNodes>
            0 -1 66 1.3623618520796299e-02</internalNodes>
          <leafValues>
            -4.8831787705421448e-01 5.9515190124511719e-01</leafValues></_></weakClassifiers></_>
    <!-- stage 5 -->
    <_>
      <maxWeakCount>8</maxWeakCount>
      <stageThreshold>-7.7131599187850952e-01</stageThreshold>
      <weakClassifiers>
        <_>
          <internalNodes>
            0 -1 28 -2.2882940247654915e-02</internalNodes>
          <leafValues>
            6.2593984603881836e-01 -4.9626865983009338e-01</leafValues></_>
        <_>
          <internalNodes>
            0 -1 52 5.6456312537193298e-02</internalNodes>
          <leafValues>
            -5.5378293991088867e-01 5.7931780815124512e-01</leafValues></_>
        <_>
          <internalNodes>
            0 -1 89 -3.1572938896715641e-03</internalNodes>
          <leafValues>
            6.0697031021118164e-01 -4.8128980398178101e-01</leafValues></_>
        <_>
          <internalNodes>
            0 -1 120 -3.2236937840934843e-05</internalNodes>
          <leafValues>
            3.8109371066093445e-01 -7.5159424543380737e-01</leafValues></_>
        <_>
          <internalNodes>
            0 -1 75 -9.1370325535535812e-03</internalNodes>
          <leafValues>
            6.0550320148468018e-01 -4.7276270389556885e-01</leafValues></_>
        <_>
          <internalNodes>
            0 -1 141 -7.5989183969795704e-03</internalNodes>
          <leafValues>
            3.0000224709510803e-01 -8.6398750543594360e-01</leafValues></_>
        <_>
          <internalNodes>
            0 -1 90 3.4470751881599426e-02</internalNodes>
          <leafValues>
            2.8951385617256165e-01 -8.2099789381027222e-01</leafValues></_>
        <_>
          <internalNodes>
            0 -1 46 -6.2049147672951221e-03</internalNodes>
          <leafValues>
            3.3885201811790466e-01 -7.1173369884490967e-01</leafValues></_></weakClassifiers></_>
    <!-- stage 6 -->
    <_>
      <maxWeakCount>8</maxWeakCount>
      <stageThreshold>-1.2836729288101196e+00</stageThreshold>
      <weakClassifiers>
        <_>
          <internalNodes>
            0 -1 77 6.8066129460930824e-03</internalNodes>
          <leafValues>
            -8.4918034076690674e-01 5.0888031721115112e-01</leafValues></_>
        <_>
          <internalNodes>
            0 -1 59 4.5263200998306274e-02</internalNodes>
          <leafValues>
            3.1397560238838196e-01 -9.0769517421722412e-01</leafValues></_>
        <_>
          <internalNodes>
            0 -1 45 -1.6257950846920721e-05</internalNodes>
          <leafValues>
            3.2178983092308044e-01 -7.5516796112060547e-01</leafValues></_>
        <_>
          <internalNodes>
            0 -1 48 2.5692455470561981e-02</internalNodes>
          <leafValues>
            -5.3073239326477051e-01 5.2447909116744995e-01</leafValues></_>
        <_>
          <internalNodes>
            0 -1 88 -1.8418880645185709e-03</internalNodes>
          <leafValues>
            4.7125121951103210e-01 -5.3351175785064697e-01</leafValues></_>
        <_>
          <internalNodes>
            0 -1 83 5.2847145125269890e-03</internalNodes>
          <leafValues>
            2.6354447007179260e-01 -8.9733803272247314e-01</leafValues></_>
        <_>
          <internalNodes>
            0 -1 143 -4.7023165971040726e-03</internalNodes>
          <leafValues>
            6.5042990446090698e-01 -4.4712010025978088e-01</leafValues></_>
        <_>
          <internalNodes>
            0 -1 100 -3.7174466997385025e-03</internalNodes>
          <leafValues>
            -9.0137970447540283e-01 2.8323271870613098e-01</leafValues></_></weakClassifiers></_>
    <!-- stage 7 -->
    <_>
      <maxWeakCount>10</maxWeakCount>
      <stageThreshold>-1.0984914302825928e+00</stageThreshold>
      <weakClassifiers>
        <_>
          <internalNodes>
            0 -1 122 -1.7732651031110436e-05</internalNodes>
          <leafValues>
            5.4049587249755859e-01 -6.5128207206726074e-01</leafValues></_>
        <_>
          <internalNodes>
            0 -1 7 -3.8859799504280090e-02</internalNodes>
          <leafValues>
            3.0843681097030640e-01 -8.2892376184463501e-01</leafValues></_>
        <_>
          <internalNodes>
            0 -1 58 8.5887923836708069e-02</internalNodes>
          <leafValues>
            -4.5891925692558289e-01 5.5474150180816650e-01</leafValues></_>
        <_>
          <internalNodes>
            0 -1 16 1.9971608708146960e-05</internalNodes>
          <leafValues>
            -7.3200792074203491e-01 2.8397169709205627e-01</leafValues></_>
        <_>
          <internalNodes>
            0 -1 43 1.0535339824855328e-03</internalNodes>
          <leafValues>
            2.9641789197921753e-01 -7.4921524524688721e-01</leafValues></_>
        <_>
          <internalNodes>
            0 -1 94 -6.7477375268936157e-03</internalNodes>
          <leafValues>
            4.5303258299827576e-01 -5.2058511972427368e-01</leafValues></_>
        <_>
          <internalNodes>
            0 -1 86 -2.4636399466544390e-03</internalNodes>
          <leafValues>
            1.7787955701351166e-01 -8.6315774917602539e-01</leafValues></_>
        <_>
          <internalNodes>
            0 -1 63 -7.8534604981541634e-03</internalNodes>
          <leafValues>
            -7.2760814428329468e-01 2.6386061310768127e-01</leafValues></_>
        <_>
          <internalNodes>
            0 -1 74 4.2680561542510986e-02</internalNodes>
          <leafValues>
            2.0781102776527405e-01 -9.2045718431472778e-01</leafValues></_>
        <_>
          <internalNodes>
            0 -1 50 -3.1355021055787802e-03</internalNodes>
          <leafValues>
            2.0329341292381287e-01 -9.4224882125854492e-01</leafValues></_></weakClassifiers></_>
    <!-- stage 8 -->
    <_>
      <maxWeakCount>10</maxWeakCount>
      <stageThreshold>-9.7157496213912964e-01</stageThreshold>
      <weakClassifiers>
        <_>
          <internalNodes>
            0 -1 97 4.4917780905961990e-03</internalNodes>
          <leafValues>
            -6.6180759668350220e-01 4.9880668520927429e-01</leafValues></_>
        <_>
          <internalNodes>
            0 -1 103 -3.4468564990675077e-05</internalNodes>
          <leafValues>
            4.1818374395370483e-01 -6.3745260238647461e-01</leafValues></_>
        <_>
          <internalNodes>
            0 -1 20 1.4490279681922402e-05</internalNodes>
          <leafValues>
            -7.3522078990936279e-01 3.1171017885208130e-01</leafValues></_>
        <_>
          <internalNodes>
            0 -1 19 5.0915137398988008e-04</internalNodes>
          <leafValues>
            3.0120480060577393e-01 -8.5638636350631714e-01</leafValues></_>
        <_>
          <internalNodes>
            0 -1 149 -1.3526974245905876e-02</internalNodes>
          <leafValues>
            6.7650997638702393e-01 -3.4818372130393982e-01</leafValues></_>
        <_>
          <internalNodes>
            0 -1 133 3.8247134536504745e-02</internalNodes>
          <leafValues>
            2.0179209113121033e-01 -9.2886883020401001e-01</leafValues></_>
        <_>
          <internalNodes>
            0 -1 128 -1.7326841771136969e-05</internalNodes>
          <leafValues>
            2.7773272991180420e-01 -6.0184037685394287e-01</leafValues></_>
        <_>
          <internalNodes>
            0 -1 152 6.8095372989773750e-03</internalNodes>
          <leafValues>
            -2.6912376284599304e-01 7.9727274179458618e-01</leafValues></_>
        <_>
          <internalNodes>
            0 -1 51 -1.9849102944135666e-02</internalNodes>
          <leafValues>
            6.1947870254516602e-01 -3.4832689166069031e-01</leafValues></_>
        <_>
          <internalNodes>
            0 -1 40 -4.3656811118125916e-02</internalNodes>
          <leafValues>
            3.0283460021018982e-01 -7.3830413818359375e-01</leafValues></_></weakClassifiers></_>
    <!-- stage 9 -->
    <_>
      <maxWeakCount>13</maxWeakCount>
      <stageThreshold>-1.4147306680679321e+00</stageThreshold>
      <weakClassifiers>
        <_>
          <internalNodes>
            0 -1 34 -1.4890390048094559e-05</internalNodes>
          <leafValues>
            5.5711776018142700e-01 -5.0649350881576538e-01</leafValues></_>
        <_>
          <internalNodes>
            0 -1 127 -2.1403260529041290e-02</internalNodes>
          <leafValues>
            6.3242125511169434e-01 -3.1539183855056763e-01</leafValues></_>
        <_>
          <internalNodes>
            0 -1 81 5.4423697292804718e-02</internalNodes>
          <leafValues>
            2.4060390889644623e-01 -8.7635350227355957e-01</leafValues></_>
        <_>
          <internalNodes>
            0 -1 72 9.6853019203990698e-04</internalNodes>
          <leafValues>
            2.1024405956268311e-01 -8.5897040367126465e-01</leafValues></_>
        <_>
          <internalNodes>
            0 -1 36 1.0941858589649200e-01</internalNodes>
          <leafValues>
            -3.2164257764816284e-01 6.6091233491897583e-01</leafValues></_>
        <_>
          <internalNodes>
            0 -1 144 -8.2656450569629669e-02</internalNodes>
          <leafValues>
            6.9554454088211060e-01 -2.8031969070434570e-01</leafValues></_>
        <_>
          <internalNodes>
            0 -1 105 -1.4970440133765806e-05</internalNodes>
          <leafValues>
            4.8158338665962219e-01 -4.0149411559104919e-01</leafValues></_>
        <_>
          <internalNodes>
            0 -1 30 -1.9039351172978058e-05</internalNodes>
          <leafValues>
            2.6697194576263428e-01 -7.2506994009017944e-01</leafValues></_>
        <_>
          <internalNodes>
            0 -1 32 -7.3645415250211954e-04</internalNodes>
          <leafValues>
            -5.7883733510971069e-01 3.1522294878959656e-01</leafValues></_>
        <_>
          <internalNodes>
            0 -1 100 -1.4425577828660607e-03</internalNodes>
          <leafValues>
            -7.7633446455001831e-01 1.7044785618782043e-01</leafValues></_>
        <_>
          <internalNodes>
            0 -1 139 1.1110582388937473e-02</internalNodes>
          <leafValues>
            -7.0369946956634521e-01 2.9365327954292297e-01</leafValues></_>
        <_>
          <internalNodes>
            0 -1 26 3.3390657335985452e-05</internalNodes>
          <leafValues>
            -5.6695562601089478e-01 2.7990874648094177e-01</leafValues></_>
        <_>
          <internalNodes>
            0 -1 110 5.3406814113259315e-03</internalNodes>
          <leafValues>
            -2.4146856367588043e-01 7.4777621030807495e-01</leafValues></_></weakClassifiers></_>
    <!-- stage 10 -->
    <_>
      <maxWeakCount>11</maxWeakCount>
      <stageThreshold>-1.1015876531600952e+00</stageThreshold>
      <weakClassifiers>
        <_>
          <internalNodes>
            0 -1 42 -1.0661940090358257e-02</internalNodes>
          <leafValues>
            6.0617762804031372e-01 -4.0425533056259155e-01</leafValues></_>
        <_>
          <internalNodes>
            0 -1 67 1.8959466367959976e-02</internalNodes>
          <leafValues>
            -2.4716290831565857e-01 6.7949682474136353e-01</leafValues></_>
        <_>
          <internalNodes>
            0 -1 8 3.3351105230394751e-05</internalNodes>
          <leafValues>
            -6.5384662151336670e-01 2.9707026481628418e-01</leafValues></_>
        <_>
          <internalNodes>
            0 -1 8 4.5295129530131817e-04</internalNodes>
          <leafValues>
            2.9919958114624023e-01 -5.9838193655014038e-01</leafValues></_>
        <_>
          <internalNodes>
            0 -1 106 5.3280163556337357e-03</internalNodes>
          <leafValues>
            -6.2228536605834961e-01 2.6409476995468140e-01</leafValues></_>
        <_>
          <internalNodes>
            0 -1 150 -1.1301376856863499e-02</internalNodes>
          <leafValues>
            6.2350308895111084e-01 -3.3168160915374756e-01</leafValues></_>
        <_>
          <internalNodes>
            0 -1 38 -3.0013756826519966e-02</internalNodes>
          <leafValues>
            2.8031942248344421e-01 -7.8145593404769897e-01</leafValues></_>
        <_>
          <internalNodes>
            0 -1 79 -5.8112469560001045e-05</internalNodes>
          <leafValues>
            2.7801477909088135e-01 -4.8507350683212280e-01</leafValues></_>
        <_>
          <internalNodes>
            0 -1 96 -2.5969231501221657e-02</internalNodes>
          <leafValues>
            -8.5112297534942627e-01 1.6225257515907288e-01</leafValues></_>
        <_>
          <internalNodes>
            0 -1 116 -2.1231067366898060e-03</internalNodes>
          <leafValues>
            1.3750047981739044e-01 -8.2721245288848877e-01</leafValues></_>
        <_>
          <internalNodes>
            0 -1 78 3.5625052987597883e-04</internalNodes>
          <leafValues>
            -8.0583506822586060e-01 1.8954864144325256e-01</leafValues></_></weakClassifiers></_>
    <!-- stage 11 -->
    <_>
      <maxWeakCount>10</maxWeakCount>
      <stageThreshold>-8.1842917203903198e-01</stageThreshold>
      <weakClassifiers>
        <_>
          <internalNodes>
            0 -1 29 -3.7967249751091003e-02</internalNodes>
          <leafValues>
            5.1454699039459229e-01 -5.5163729190826416e-01</leafValues></_>
        <_>
          <internalNodes>
            0 -1 138 -6.7280419170856476e-03</internalNodes>
          <leafValues>
            5.4681682586669922e-01 -3.5868504643440247e-01</leafValues></_>
        <_>
          <internalNodes>
            0 -1 61 8.1528546288609505e-03</internalNodes>
          <leafValues>
            -6.0911244153976440e-01 3.1449434161186218e-01</leafValues></_>
        <_>
          <internalNodes>
            0 -1 113 -1.6007857993827201e-05</internalNodes>
          <leafValues>
            3.0131411552429199e-01 -6.0908937454223633e-01</leafValues></_>
        <_>
          <internalNodes>
            0 -1 68 -9.7805876284837723e-03</internalNodes>
          <leafValues>
            4.9020564556121826e-01 -3.2377174496650696e-01</leafValues></_>
        <_>
          <internalNodes>
            0 -1 5 2.1723994985222816e-02</internalNodes>
          <leafValues>
            -3.4695929288864136e-01 5.5030947923660278e-01</leafValues></_>
        <_>
          <internalNodes>
            0 -1 132 -4.8039779067039490e-03</internalNodes>
          <leafValues>
            2.2139286994934082e-01 -7.5698280334472656e-01</leafValues></_>
        <_>
          <internalNodes>
            0 -1 130 -1.9399280063225888e-05</internalNodes>
          <leafValues>
            2.2311529517173767e-01 -7.5120270252227783e-01</leafValues></_>
        <_>
          <internalNodes>
            0 -1 92 -1.5654730304959230e-05</internalNodes>
          <leafValues>
            4.9550899863243103e-01 -3.5177457332611084e-01</leafValues></_>
        <_>
          <internalNodes>
            0 -1 140 3.5176470875740051e-02</internalNodes>
          <leafValues>
            2.1932439506053925e-01 -7.6284104585647583e-01</leafValues></_></weakClassifiers></_>
    <!-- stage 12 -->
    <_>
      <maxWeakCount>11</maxWeakCount>
      <stageThreshold>-1.0673210620880127e+00</stageThreshold>
      <weakClassifiers>
        <_>
          <internalNodes>
            0 -1 2 3.5366136580705643e-04</internalNodes>
          <leafValues>
            -4.1818180680274963e-01 5.4932129383087158e-01</leafValues></_>
        <_>
          <internalNodes>
            0 -1 117 1.3857436133548617e-03</internalNodes>
          <leafValues>
            -6.7627489566802979e-01 2.8315019607543945e-01</leafValues></_>
        <_>
          <internalNodes>
            0 -1 99 -8.1968272570520639e-04</internalNodes>
          <leafValues>
            2.7256745100021362e-01 -6.5313607454299927e-01</leafValues></_>
        <_>
          <internalNodes>
            0 -1 49 4.0877752006053925e-02</internalNodes>
          <leafValues>
            -4.7365063428878784e-01 4.5014315843582153e-01</leafValues></_>
        <_>
          <internalNodes>
            0 -1 4 4.9638224299997091e-04</internalNodes>
          <leafValues>
            2.7008020877838135e-01 -6.0699093341827393e-01</leafValues></_>
        <_>
          <internalNodes>
            0 -1 24 3.1121104257181287e-05</internalNodes>
          <leafValues>
            -5.4471784830093384e-01 2.9631581902503967e-01</leafValues></_>
        <_>
          <internalNodes>
            0 -1 73 -1.0448686080053449e-03</internalNodes>
          <leafValues>
            1.8382562696933746e-01 -8.4058558940887451e-01</leafValues></_>
        <_>
          <internalNodes>
            0 -1 93 -2.1665212698280811e-03</internalNodes>
          <leafValues>
            6.2129509449005127e-01 -2.8039783239364624e-01</leafValues></_>
        <_>
          <internalNodes>
            0 -1 65 7.2402656078338623e-02</internalNodes>
          <leafValues>
            1.6407212615013123e-01 -8.8815110921859741e-01</leafValues></_>
        <_>
          <internalNodes>
            0 -1 131 -2.2004195488989353e-03</internalNodes>
          <leafValues>
            2.5862649083137512e-01 -5.4525440931320190e-01</leafValues></_>
        <_>
          <internalNodes>
            0 -1 23 8.8475609663873911e-04</internalNodes>
          <leafValues>
            1.7673011124134064e-01 -6.3077390193939209e-01</leafValues></_></weakClassifiers></_>
    <!-- stage 13 -->
    <_>
      <maxWeakCount>12</maxWeakCount>
      <stageThreshold>-1.1090161800384521e+00</stageThreshold>
      <weakClassifiers>
        <_>
          <internalNodes>
            0 -1 71 -1.3506168499588966e-02</internalNodes>
          <leafValues>
            -5.7681161165237427e-01 4.7729083895683289e-01</leafValues></_>
        <_>
          <internalNodes>
            0 -1 114 -8.3717275410890579e-03</internalNodes>
          <leafValues>
            4.8405635356903076e-01 -3.3610233664512634e-01</leafValues></_>
        <_>
          <internalNodes>
            0 -1 12 3.4609038266353309e-05</internalNodes>
          <leafValues>
            -6.4925128221511841e-01 2.5117436051368713e-01</leafValues></_>
        <_>
          <internalNodes>
            0 -1 22 -7.0050905924290419e-04</internalNodes>
          <leafValues>
            -5.8871197700500488e-01 2.6059386134147644e-01</leafValues></_>
        <_>
          <internalNodes>
            0 -1 76 -2.7836547233164310e-03</internalNodes>
          <leafValues>
            6.6271489858627319e-01 -2.5547030568122864e-01</leafValues></_>
        <_>
          <internalNodes>
            0 -1 70 -2.3949084803462029e-02</internalNodes>
          <leafValues>
            2.9352465271949768e-01 -5.0387650728225708e-01</leafValues></_>
        <_>
          <internalNodes>
            0 -1 80 -8.0328971147537231e-02</internalNodes>
          <leafValues>
            -7.8944963216781616e-01 1.7407435178756714e-01</leafValues></_>
        <_>
          <internalNodes>
            0 -1 121 -6.8025267682969570e-04</internalNodes>
          <leafValues>
            2.1208430826663971e-01 -6.5090632438659668e-01</leafValues></_>
        <_>
          <internalNodes>
            0 -1 55 -1.8384952098131180e-02</internalNodes>
          <leafValues>
            3.7101441621780396e-01 -4.3362587690353394e-01</leafValues></_>
        <_>
          <internalNodes>
            0 -1 125 -3.3409602940082550e-02</internalNodes>
          <leafValues>
            -8.6973464488983154e-01 1.6563671827316284e-01</leafValues></_>
        <_>
          <internalNodes>
            0 -1 33 -2.9135448130546138e-05</internalNodes>
          <leafValues>
            2.5272867083549500e-01 -5.1283013820648193e-01</leafValues></_>
        <_>
          <internalNodes>
            0 -1 124 -1.8159316823584959e-05</internalNodes>
          <leafValues>
            3.1237772107124329e-01 -4.4908174872398376e-01</leafValues></_></weakClassifiers></_>
    <!-- stage 14 -->
    <_>
      <maxWeakCount>11</maxWeakCount>
      <stageThreshold>-1.1257324218750000e+00</stageThreshold>
      <weakClassifiers>
        <_>
          <internalNodes>
            0 -1 35 -3.0638035386800766e-03</internalNodes>
          <leafValues>
            4.6065700054168701e-01 -6.9759452342987061e-01</leafValues></_>
        <_>
          <internalNodes>
            0 -1 54 -1.4478120952844620e-02</internalNodes>
          <leafValues>
            -7.0010972023010254e-01 2.5343731045722961e-01</leafValues></_>
        <_>
          <internalNodes>
            0 -1 126 1.2355790473520756e-02</internalNodes>
          <leafValues>
            2.0249083638191223e-01 -8.5910731554031372e-01</leafValues></_>
        <_>
          <internalNodes>
            0 -1 89 -3.7723323330283165e-03</internalNodes>
          <leafValues>
            3.9362233877182007e-01 -3.9253592491149902e-01</leafValues></_>
        <_>
          <internalNodes>
            0 -1 57 4.5882795006036758e-02</internalNodes>
          <leafValues>
            -4.2004141211509705e-01 3.8970053195953369e-01</leafValues></_>
        <_>
          <internalNodes>
            0 -1 134 -3.2202203874476254e-04</internalNodes>
          <leafValues>
            5.1222544908523560e-01 -3.3227396011352539e-01</leafValues></_>
        <_>
          <internalNodes>
            0 -1 107 3.6482181400060654e-02</internalNodes>
          <leafValues>
            1.7592264711856842e-01 -9.3276685476303101e-01</leafValues></_>
        <_>
          <internalNodes>
            0 -1 148 1.2367304414510727e-02</internalNodes>
          <leafValues>
            -3.4232470393180847e-01 5.4462486505508423e-01</leafValues></_>
        <_>
          <internalNodes>
            0 -1 102 -3.2903887331485748e-03</internalNodes>
          <leafValues>
            -7.1312069892883301e-01 2.3324525356292725e-01</leafValues></_>
        <_>
          <internalNodes>
            0 -1 108 -9.0389754623174667e-03</internalNodes>
          <leafValues>
            1.8640948832035065e-01 -7.0326739549636841e-01</leafValues></_>
        <_>
          <internalNodes>
            0 -1 21 -5.1634106785058975e-04</internalNodes>
          <leafValues>
            -6.7675924301147461e-01 1.8693128228187561e-01</leafValues></_></weakClassifiers></_>
    <!-- stage 15 -->
    <_>
      <maxWeakCount>16</maxWeakCount>
      <stageThreshold>-1.2083060741424561e+00</stageThreshold>
      <weakClassifiers>
        <_>
          <internalNodes>
            0 -1 6 1.8200192600488663e-02</internalNodes>
          <leafValues>
            -3.7717601656913757e-01 5.4939979314804077e-01</leafValues></_>
        <_>
          <internalNodes>
            0 -1 62 -2.2920772898942232e-03</internalNodes>
          <leafValues>
            -5.8594512939453125e-01 2.7744191884994507e-01</leafValues></_>
        <_>
          <internalNodes>
            0 -1 118 9.1732584405690432e-04</internalNodes>
          <leafValues>
            -1.9833496212959290e-01 7.1481925249099731e-01</leafValues></_>
        <_>
          <internalNodes>
            0 -1 8 4.9827387556433678e-04</internalNodes>
          <leafValues>
            2.2024685144424438e-01 -5.8016234636306763e-01</leafValues></_>
        <_>
          <internalNodes>
            0 -1 111 -2.8066879604011774e-03</internalNodes>
          <leafValues>
            6.2118852138519287e-01 -2.8216737508773804e-01</leafValues></_>
        <_>
          <internalNodes>
            0 -1 8 8.2035359810106456e-05</internalNodes>
          <leafValues>
            -5.4575300216674805e-01 3.1040129065513611e-01</leafValues></_>
        <_>
          <internalNodes>
            0 -1 31 3.6037796235177666e-05</internalNodes>
          <leafValues>
            -4.4474792480468750e-01 3.1393197178840637e-01</leafValues></_>
        <_>
          <internalNodes>
            0 -1 60 -2.6161596179008484e-02</internalNodes>
          <leafValues>
            3.3019575476646423e-01 -4.6670678257942200e-01</leafValues></_>
        <_>
          <internalNodes>
            0 -1 84 -1.2676984071731567e-02</internalNodes>
          <leafValues>
            2.0833808183670044e-01 -8.5328948497772217e-01</leafValues></_>
        <_>
          <internalNodes>
            0 -1 1 1.8419070169329643e-02</internalNodes>
          <leafValues>
            -3.1595981121063232e-01 5.1473432779312134e-01</leafValues></_>
        <_>
          <internalNodes>
            0 -1 112 4.8888614401221275e-03</internalNodes>
          <leafValues>
            1.6879849135875702e-01 -9.0438205003738403e-01</leafValues></_>
        <_>
          <internalNodes>
            0 -1 47 -8.6626494303345680e-03</internalNodes>
          <leafValues>
            2.1719802916049957e-01 -5.8371257781982422e-01</leafValues></_>
        <_>
          <internalNodes>
            0 -1 147 -7.8358743339776993e-03</internalNodes>
          <leafValues>
            6.0500621795654297e-01 -2.5048583745956421e-01</leafValues></_>
        <_>
          <internalNodes>
            0 -1 110 2.4510859511792660e-03</internalNodes>
          <leafValues>
            -2.5053998827934265e-01 6.1340403556823730e-01</leafValues></_>
        <_>
          <internalNodes>
            0 -1 151 -1.2695383280515671e-02</internalNodes>
          <leafValues>
            5.8671706914901733e-01 -2.7826020121574402e-01</leafValues></_>
        <_>
          <internalNodes>
            0 -1 56 -1.5666857507312670e-05</internalNodes>
          <leafValues>
            3.5457369685173035e-01 -4.1460797190666199e-01</leafValues></_></weakClassifiers></_>
    <!-- stage 16 -->
    <_>
      <maxWeakCount>16</maxWeakCount>
      <stageThreshold>-1.5716187953948975e+00</stageThreshold>
      <weakClassifiers>
        <_>
          <internalNodes>
            0 -1 44 -3.2939737138804048e-05</internalNodes>
          <leafValues>
            4.9870353937149048e-01 -3.9954853057861328e-01</leafValues></_>
        <_>
          <internalNodes>
            0 -1 91 -1.4932353224139661e-04</internalNodes>
          <leafValues>
            3.7799921631813049e-01 -4.1627937555313110e-01</leafValues></_>
        <_>
          <internalNodes>
            0 -1 85 -1.9119691103696823e-02</internalNodes>
          <leafValues>
            3.7842795252799988e-01 -3.9359679818153381e-01</leafValues></_>
        <_>
          <internalNodes>
            0 -1 119 -1.8595139408716932e-05</internalNodes>
          <leafValues>
            2.4993300437927246e-01 -5.4957550764083862e-01</leafValues></_>
        <_>
          <internalNodes>
            0 -1 25 -2.6031211018562317e-02</internalNodes>
          <leafValues>
            1.8736894428730011e-01 -7.2420954704284668e-01</leafValues></_>
        <_>
          <internalNodes>
            0 -1 82 -1.1063855141401291e-02</internalNodes>
          <leafValues>
            1.3175073266029358e-01 -8.9869564771652222e-01</leafValues></_>
        <_>
          <internalNodes>
            0 -1 13 7.5188979506492615e-02</internalNodes>
          <leafValues>
            -3.7283450365066528e-01 3.5151538252830505e-01</leafValues></_>
        <_>
          <internalNodes>
            0 -1 129 -4.7596331569366157e-04</internalNodes>
          <leafValues>
            3.2058808207511902e-01 -4.2807671427726746e-01</leafValues></_>
        <_>
          <internalNodes>
            0 -1 146 4.2063444852828979e-03</internalNodes>
          <leafValues>
            -2.3948377370834351e-01 7.6385164260864258e-01</leafValues></_>
        <_>
          <internalNodes>
            0 -1 115 -2.5915834121406078e-03</internalNodes>
          <leafValues>
            7.3800098896026611e-01 -1.7825409770011902e-01</leafValues></_>
        <_>
          <internalNodes>
            0 -1 14 5.4572615772485733e-04</internalNodes>
          <leafValues>
            2.5748860836029053e-01 -5.9902274608612061e-01</leafValues></_>
        <_>
          <internalNodes>
            0 -1 15 1.4970440133765806e-05</internalNodes>
          <leafValues>
            -6.4104658365249634e-01 2.5100657343864441e-01</leafValues></_>
        <_>
          <internalNodes>
            0 -1 135 -6.3251606188714504e-03</internalNodes>
          <leafValues>
            3.9363768696784973e-01 -3.3862012624740601e-01</leafValues></_>
        <_>
          <internalNodes>
            0 -1 142 1.0976890189340338e-04</internalNodes>
          <leafValues>
            -3.3609852194786072e-01 4.0742564201354980e-01</leafValues></_>
        <_>
          <internalNodes>
            0 -1 64 1.4707297086715698e-03</internalNodes>
          <leafValues>
            -2.1946322917938232e-01 6.3597518205642700e-01</leafValues></_>
        <_>
          <internalNodes>
            0 -1 101 3.9242259226739407e-03</internalNodes>
          <leafValues>
            1.7270460724830627e-01 -8.9952445030212402e-01</leafValues></_></weakClassifiers></_></stages>
  <features>
    <_>
      <rects>
        <_>
          0 2 12 12 -1.</_>
        <_>
          0 2 6 6 2.</_>
        <_>
          6 8 6 6 2.</_></rects>
      <tilted>0</tilted></_>
    <_>
      <rects>
        <_>
          0 3 1 18 -1.</_>
        <_>
          0 9 1 6 3.</_></rects>
      <tilted>0</tilted></_>
    <_>
      <rects>
        <_>
          0 11 2 3 -1.</_>
        <_>
          1 11 1 3 2.</_></rects>
      <tilted>0</tilted></_>
    <_>
      <rects>
        <_>
          0 11 14 2 -1.</_>
        <_>
          7 11 7 2 2.</_></rects>
      <tilted>0</tilted></_>
    <_>
      <rects>
        <_>
          0 12 2 1 -1.</_>
        <_>
          1 12 1 1 2.</_></rects>
      <tilted>0</tilted></_>
    <_>
      <rects>
        <_>
          1 0 1 24 -1.</_>
        <_>
          1 6 1 12 2.</_></rects>
      <tilted>0</tilted></_>
    <_>
      <rects>
        <_>
          1 9 6 6 -1.</_>
        <_>
          3 9 2 6 3.</_></rects>
      <tilted>0</tilted></_>
    <_>
      <rects>
        <_>
          1 9 16 4 -1.</_>
        <_>
          9 9 8 4 2.</_></rects>
      <tilted>0</tilted></_>
    <_>
      <rects>
        <_>
          1 11 2 1 -1.</_>
        <_>
          2 11 1 1 2.</_></rects>
      <tilted>0</tilted></_>
    <_>
      <rects>
        <_>
          1 11 18 3 -1.</_>
        <_>
          7 11 6 3 3.</_></rects>
      <tilted>0</tilted></_>
    <_>
      <rects>
        <_>
          1 11 14 1 -1.</_>
        <_>
          8 11 7 1 2.</_></rects>
      <tilted>0</tilted></_>
    <_>
      <rects>
        <_>
          1 12 2 1 -1.</_>
        <_>
          2 12 1 1 2.</_></rects>
      <tilted>0</tilted></_>
    <_>
      <rects>
        <_>
          1 12 2 2 -1.</_>
        <_>
          2 12 1 2 2.</_></rects>
      <tilted>0</tilted></_>
    <_>
      <rects>
        <_>
          2 0 20 8 -1.</_>
        <_>
          2 4 20 4 2.</_></rects>
      <tilted>0</tilted></_>
    <_>
      <rects>
        <_>
          2 8 2 1 -1.</_>
        <_>
          3 8 1 1 2.</_></rects>
      <tilted>0</tilted></_>
    <_>
      <rects>
        <_>
          2 10 2 1 -1.</_>
        <_>
          3 10 1 1 2.</_></rects>
      <tilted>0</tilted></_>
    <_>
      <rects>
        <_>
          2 10 2 2 -1.</_>
        <_>
          3 10 1 2 2.</_></rects>
      <tilted>0</tilted></_>
    <_>
      <rects>
        <_>
          2 10 2 3 -1.</_>
        <_>
          3 10 1 3 2.</_></rects>
      <tilted>0</tilted></_>
    <_>
      <rects>
        <_>
          2 10 10 4 -1.</_>
        <_>
          7 10 5 4 2.</_></rects>
      <tilted>0</tilted></_>
    <_>
      <rects>
        <_>
          2 11 2 1 -1.</_>
        <_>
          3 11 1 1 2.</_></rects>
      <tilted>0</tilted></_>
    <_>
      <rects>
        <_>
          2 11 2 2 -1.</_>
        <_>
          3 11 1 2 2.</_></rects>
      <tilted>0</tilted></_>
    <_>
      <rects>
        <_>
          2 12 1 2 -1.</_>
        <_>
          2 13 1 1 2.</_></rects>
      <tilted>0</tilted></_>
    <_>
      <rects>
        <_>
          2 12 2 1 -1.</_>
        <_>
          2 12 1 1 2.</_></rects>
      <tilted>1</tilted></_>
    <_>
      <rects>
        <_>
          2 12 2 2 -1.</_>
        <_>
          3 12 1 2 2.</_></rects>
      <tilted>0</tilted></_>
    <_>
      <rects>
        <_>
          2 13 2 1 -1.</_>
        <_>
          3 13 1 1 2.</_></rects>
      <tilted>0</tilted></_>
    <_>
      <rects>
        <_>
          3 4 14 12 -1.</_>
        <_>
          10 4 7 12 2.</_></rects>
      <tilted>0</tilted></_>
    <_>
      <rects>
        <_>
          3 8 2 1 -1.</_>
        <_>
          4 8 1 1 2.</_></rects>
      <tilted>0</tilted></_>
    <_>
      <rects>
        <_>
          3 8 6 8 -1.</_>
        <_>
          6 8 3 8 2.</_></rects>
      <tilted>0</tilted></_>
    <_>
      <rects>
        <_>
          3 8 9 8 -1.</_>
        <_>
          6 8 3 8 3.</_></rects>
      <tilted>0</tilted></_>
    <_>
      <rects>
        <_>
          3 8 6 9 -1.</_>
        <_>
          6 8 3 9 2.</_></rects>
      <tilted>0</tilted></_>
    <_>
      <rects>
        <_>
          3 9 2 1 -1.</_>
        <_>
          3 9 1 1 2.</_></rects>
      <tilted>1</tilted></_>
    <_>
      <rects>
        <_>
          3 10 2 1 -1.</_>
        <_>
          4 10 1 1 2.</_></rects>
      <tilted>0</tilted></_>
    <_>
      <rects>
        <_>
          3 10 2 1 -1.</_>
        <_>
          3 10 1 1 2.</_></rects>
      <tilted>1</tilted></_>
    <_>
      <rects>
        <_>
          3 12 1 2 -1.</_>
        <_>
          3 13 1 1 2.</_></rects>
      <tilted>0</tilted></_>
    <_>
      <rects>
        <_>
          3 15 1 2 -1.</_>
        <_>
          3 16 1 1 2.</_></rects>
      <tilted>0</tilted></_>
    <_>
      <rects>
        <_>
          3 15 15 2 -1.</_>
        <_>
          8 15 5 2 3.</_></rects>
      <tilted>0</tilted></_>
    <_>
      <rects>
        <_>
          4 0 19 8 -1.</_>
        <_>
          4 4 19 4 2.</_></rects>
      <tilted>0</tilted></_>
    <_>
      <rects>
        <_>
          4 1 19 12 -1.</_>
        <_>
          4 4 19 6 2.</_></rects>
      <tilted>0</tilted></_>
    <_>
      <rects>
        <_>
          4 3 12 15 -1.</_>
        <_>
          8 3 4 15 3.</_></rects>
      <tilted>0</tilted></_>
    <_>
      <rects>
        <_>
          4 5 15 15 -1.</_>
        <_>
          9 5 5 15 3.</_></rects>
      <tilted>0</tilted></_>
    <_>
      <rects>
        <_>
          4 6 12 12 -1.</_>
        <_>
          8 6 4 12 3.</_></rects>
      <tilted>0</tilted></_>
    <_>
      <rects>
        <_>
          4 6 19 8 -1.</_>
        <_>
          4 10 19 4 2.</_></rects>
      <tilted>0</tilted></_>
    <_>
      <rects>
        <_>
          4 8 6 8 -1.</_>
        <_>
          6 8 2 8 3.</_></rects>
      <tilted>0</tilted></_>
    <_>
      <rects>
        <_>
          4 9 1 2 -1.</_>
        <_>
          4 9 1 1 2.</_></rects>
      <tilted>1</tilted></_>
    <_>
      <rects>
        <_>
          4 13 1 2 -1.</_>
        <_>
          4 14 1 1 2.</_></rects>
      <tilted>0</tilted></_>
    <_>
      <rects>
        <_>
          4 14 1 2 -1.</_>
        <_>
          4 15 1 1 2.</_></rects>
      <tilted>0</tilted></_>
    <_>
      <rects>
        <_>
          4 15 12 4 -1.</_>
        <_>
          7 15 6 4 2.</_></rects>
      <tilted>0</tilted></_>
    <_>
      <rects>
        <_>
          4 15 12 4 -1.</_>
        <_>
          8 15 4 4 3.</_></rects>
      <tilted>0</tilted></_>
    <_>
      <rects>
        <_>
          5 2 6 4 -1.</_>
        <_>
          7 4 2 4 3.</_></rects>
      <tilted>1</tilted></_>
    <_>
      <rects>
        <_>
          5 2 6 5 -1.</_>
        <_>
          7 4 2 5 3.</_></rects>
      <tilted>1</tilted></_>
    <_>
      <rects>
        <_>
          5 4 15 13 -1.</_>
        <_>
          10 4 5 13 3.</_></rects>
      <tilted>0</tilted></_>
    <_>
      <rects>
        <_>
          5 10 8 6 -1.</_>
        <_>
          5 12 8 2 3.</_></rects>
      <tilted>0</tilted></_>
    <_>
      <rects>
        <_>
          6 1 13 12 -1.</_>
        <_>
          6 4 13 6 2.</_></rects>
      <tilted>0</tilted></_>
    <_>
      <rects>
        <_>
          6 6 12 5 -1.</_>
        <_>
          6 6 6 5 2.</_></rects>
      <tilted>1</tilted></_>
    <_>
      <rects>
        <_>
          6 8 18 9 -1.</_>
        <_>
          12 8 6 9 3.</_></rects>
      <tilted>0</tilted></_>
    <_>
      <rects>
        <_>
          6 9 10 9 -1.</_>
        <_>
          6 12 10 3 3.</_></rects>
      <tilted>0</tilted></_>
    <_>
      <rects>
        <_>
          6 16 1 2 -1.</_>
        <_>
          6 17 1 1 2.</_></rects>
      <tilted>0</tilted></_>
    <_>
      <rects>
        <_>
          7 0 6 7 -1.</_>
        <_>
          9 2 2 7 3.</_></rects>
      <tilted>1</tilted></_>
    <_>
      <rects>
        <_>
          7 0 15 16 -1.</_>
        <_>
          7 4 15 8 2.</_></rects>
      <tilted>0</tilted></_>
    <_>
      <rects>
        <_>
          7 3 10 13 -1.</_>
        <_>
          12 3 5 13 2.</_></rects>
      <tilted>0</tilted></_>
    <_>
      <rects>
        <_>
          7 4 11 6 -1.</_>
        <_>
          7 7 11 3 2.</_></rects>
      <tilted>0</tilted></_>
    <_>
      <rects>
        <_>
          7 5 12 1 -1.</_>
        <_>
          7 5 6 1 2.</_></rects>
      <tilted>1</tilted></_>
    <_>
      <rects>
        <_>
          7 6 16 12 -1.</_>
        <_>
          11 6 8 12 2.</_></rects>
      <tilted>0</tilted></_>
    <_>
      <rects>
        <_>
          7 7 16 10 -1.</_>
        <_>
          11 7 8 10 2.</_></rects>
      <tilted>0</tilted></_>
    <_>
      <rects>
        <_>
          7 10 3 1 -1.</_>
        <_>
          8 10 1 1 3.</_></rects>
      <tilted>0</tilted></_>
    <_>
      <rects>
        <_>
          7 10 9 12 -1.</_>
        <_>
          10 14 3 4 9.</_></rects>
      <tilted>0</tilted></_>
    <_>
      <rects>
        <_>
          8 1 4 8 -1.</_>
        <_>
          9 2 2 8 2.</_></rects>
      <tilted>1</tilted></_>
    <_>
      <rects>
        <_>
          8 2 6 6 -1.</_>
        <_>
          8 4 6 2 3.</_></rects>
      <tilted>0</tilted></_>
    <_>
      <rects>
        <_>
          8 4 6 4 -1.</_>
        <_>
          8 6 6 2 2.</_></rects>
      <tilted>0</tilted></_>
    <_>
      <rects>
        <_>
          8 5 7 8 -1.</_>
        <_>
          8 9 7 4 2.</_></rects>
      <tilted>0</tilted></_>
    <_>
      <rects>
        <_>
          8 5 11 6 -1.</_>
        <_>
          8 8 11 3 2.</_></rects>
      <tilted>0</tilted></_>
    <_>
      <rects>
        <_>
          8 8 6 8 -1.</_>
        <_>
          10 8 2 8 3.</_></rects>
      <tilted>0</tilted></_>
    <_>
      <rects>
        <_>
          8 9 9 8 -1.</_>
        <_>
          11 9 3 8 3.</_></rects>
      <tilted>0</tilted></_>
    <_>
      <rects>
        <_>
          8 11 6 3 -1.</_>
        <_>
          10 11 2 3 3.</_></rects>
      <tilted>0</tilted></_>
    <_>
      <rects>
        <_>
          8 11 10 7 -1.</_>
        <_>
          13 11 5 7 2.</_></rects>
      <tilted>0</tilted></_>
    <_>
      <rects>
        <_>
          9 4 7 4 -1.</_>
        <_>
          9 6 7 2 2.</_></rects>
      <tilted>0</tilted></_>
    <_>
      <rects>
        <_>
          9 5 3 3 -1.</_>
        <_>
          9 6 3 1 3.</_></rects>
      <tilted>0</tilted></_>
    <_>
      <rects>
        <_>
          9 11 8 4 -1.</_>
        <_>
          13 11 4 4 2.</_></rects>
      <tilted>0</tilted></_>
    <_>
      <rects>
        <_>
          9 12 6 4 -1.</_>
        <_>
          12 12 3 4 2.</_></rects>
      <tilted>0</tilted></_>
    <_>
      <rects>
        <_>
          9 16 1 2 -1.</_>
        <_>
          9 17 1 1 2.</_></rects>
      <tilted>0</tilted></_>
    <_>
      <rects>
        <_>
          10 2 4 22 -1.</_>
        <_>
          10 13 4 11 2.</_></rects>
      <tilted>0</tilted></_>
    <_>
      <rects>
        <_>
          10 4 8 16 -1.</_>
        <_>
          14 4 4 16 2.</_></rects>
      <tilted>0</tilted></_>
    <_>
      <rects>
        <_>
          10 6 4 12 -1.</_>
        <_>
          10 10 4 4 3.</_></rects>
      <tilted>0</tilted></_>
    <_>
      <rects>
        <_>
          10 6 6 14 -1.</_>
        <_>
          10 13 6 7 2.</_></rects>
      <tilted>0</tilted></_>
    <_>
      <rects>
        <_>
          10 6 10 12 -1.</_>
        <_>
          10 12 10 6 2.</_></rects>
      <tilted>0</tilted></_>
    <_>
      <rects>
        <_>
          10 7 3 8 -1.</_>
        <_>
          8 9 3 4 2.</_></rects>
      <tilted>1</tilted></_>
    <_>
      <rects>
        <_>
          10 8 2 4 -1.</_>
        <_>
          10 10 2 2 2.</_></rects>
      <tilted>0</tilted></_>
    <_>
      <rects>
        <_>
          10 8 3 8 -1.</_>
        <_>
          10 10 3 4 2.</_></rects>
      <tilted>0</tilted></_>
    <_>
      <rects>
        <_>
          10 11 3 3 -1.</_>
        <_>
          10 12 3 1 3.</_></rects>
      <tilted>0</tilted></_>
    <_>
      <rects>
        <_>
          10 11 3 4 -1.</_>
        <_>
          10 12 3 2 2.</_></rects>
      <tilted>0</tilted></_>
    <_>
      <rects>
        <_>
          10 11 12 8 -1.</_>
        <_>
          16 11 6 8 2.</_></rects>
      <tilted>0</tilted></_>
    <_>
      <rects>
        <_>
          10 17 1 2 -1.</_>
        <_>
          10 18 1 1 2.</_></rects>
      <tilted>0</tilted></_>
    <_>
      <rects>
        <_>
          10 20 2 2 -1.</_>
        <_>
          10 20 1 1 2.</_>
        <_>
          11 21 1 1 2.</_></rects>
      <tilted>0</tilted></_>
    <_>
      <rects>
        <_>
          11 5 3 3 -1.</_>
        <_>
          11 6 3 1 3.</_></rects>
      <tilted>0</tilted></_>
    <_>
      <rects>
        <_>
          11 5 6 4 -1.</_>
        <_>
          11 7 6 2 2.</_></rects>
      <tilted>0</tilted></_>
    <_>
      <rects>
        <_>
          11 7 3 9 -1.</_>
        <_>
          11 10 3 3 3.</_></rects>
      <tilted>0</tilted></_>
    <_>
      <rects>
        <_>
          11 7 10 3 -1.</_>
        <_>
          11 7 5 3 2.</_></rects>
      <tilted>1</tilted></_>
    <_>
      <rects>
        <_>
          11 7 6 4 -1.</_>
        <_>
          11 7 6 2 2.</_></rects>
      <tilted>1</tilted></_>
    <_>
      <rects>
        <_>
          11 10 2 2 -1.</_>
        <_>
          11 11 2 1 2.</_></rects>
      <tilted>0</tilted></_>
    <_>
      <rects>
        <_>
          11 10 2 4 -1.</_>
        <_>
          11 11 2 2 2.</_></rects>
      <tilted>0</tilted></_>
    <_>
      <rects>
        <_>
          11 10 4 6 -1.</_>
        <_>
          11 13 4 3 2.</_></rects>
      <tilted>0</tilted></_>
    <_>
      <rects>
        <_>
          11 11 2 6 -1.</_>
        <_>
          12 11 1 6 2.</_></rects>
      <tilted>0</tilted></_>
    <_>
      <rects>
        <_>
          11 11 5 2 -1.</_>
        <_>
          11 11 5 1 2.</_></rects>
      <tilted>1</tilted></_>
    <_>
      <rects>
        <_>
          11 16 2 2 -1.</_>
        <_>
          11 17 2 1 2.</_></rects>
      <tilted>0</tilted></_>
    <_>
      <rects>
        <_>
          11 17 2 2 -1.</_>
        <_>
          11 18 2 1 2.</_></rects>
      <tilted>0</tilted></_>
    <_>
      <rects>
        <_>
          11 18 1 2 -1.</_>
        <_>
          11 19 1 1 2.</_></rects>
      <tilted>0</tilted></_>
    <_>
      <rects>
        <_>
          12 7 4 2 -1.</_>
        <_>
          12 7 2 2 2.</_></rects>
      <tilted>1</tilted></_>
    <_>
      <rects>
        <_>
          12 7 6 12 -1.</_>
        <_>
          15 7 3 12 2.</_></rects>
      <tilted>0</tilted></_>
    <_>
      <rects>
        <_>
          12 7 7 6 -1.</_>
        <_>
          10 9 7 2 3.</_></rects>
      <tilted>1</tilted></_>
    <_>
      <rects>
        <_>
          12 8 3 2 -1.</_>
        <_>
          12 9 3 1 2.</_></rects>
      <tilted>0</tilted></_>
    <_>
      <rects>
        <_>
          12 10 3 3 -1.</_>
        <_>
          13 11 1 1 9.</_></rects>
      <tilted>0</tilted></_>
    <_>
      <rects>
        <_>
          12 10 3 2 -1.</_>
        <_>
          13 10 1 2 3.</_></rects>
      <tilted>0</tilted></_>
    <_>
      <rects>
        <_>
          12 11 5 2 -1.</_>
        <_>
          12 11 5 1 2.</_></rects>
      <tilted>1</tilted></_>
    <_>
      <rects>
        <_>
          12 15 1 2 -1.</_>
        <_>
          12 16 1 1 2.</_></rects>
      <tilted>0</tilted></_>
    <_>
      <rects>
        <_>
          12 15 12 1 -1.</_>
        <_>
          18 15 6 1 2.</_></rects>
      <tilted>0</tilted></_>
    <_>
      <rects>
        <_>
          12 19 3 3 -1.</_>
        <_>
          12 20 3 1 3.</_></rects>
      <tilted>0</tilted></_>
    <_>
      <rects>
        <_>
          13 7 5 6 -1.</_>
        <_>
          11 9 5 2 3.</_></rects>
      <tilted>1</tilted></_>
    <_>
      <rects>
        <_>
          13 8 6 6 -1.</_>
        <_>
          16 8 3 6 2.</_></rects>
      <tilted>0</tilted></_>
    <_>
      <rects>
        <_>
          13 11 2 2 -1.</_>
        <_>
          13 11 1 1 2.</_>
        <_>
          14 12 1 1 2.</_></rects>
      <tilted>0</tilted></_>
    <_>
      <rects>
        <_>
          13 14 1 2 -1.</_>
        <_>
          13 15 1 1 2.</_></rects>
      <tilted>0</tilted></_>
    <_>
      <rects>
        <_>
          13 14 2 2 -1.</_>
        <_>
          13 15 2 1 2.</_></rects>
      <tilted>0</tilted></_>
    <_>
      <rects>
        <_>
          13 14 4 2 -1.</_>
        <_>
          13 15 4 1 2.</_></rects>
      <tilted>0</tilted></_>
    <_>
      <rects>
        <_>
          13 15 1 2 -1.</_>
        <_>
          13 16 1 1 2.</_></rects>
      <tilted>0</tilted></_>
    <_>
      <rects>
        <_>
          13 15 2 2 -1.</_>
        <_>
          13 16 2 1 2.</_></rects>
      <tilted>0</tilted></_>
    <_>
      <rects>
        <_>
          13 17 2 2 -1.</_>
        <_>
          13 18 2 1 2.</_></rects>
      <tilted>0</tilted></_>
    <_>
      <rects>
        <_>
          14 6 6 9 -1.</_>
        <_>
          14 6 3 9 2.</_></rects>
      <tilted>1</tilted></_>
    <_>
      <rects>
        <_>
          14 9 3 6 -1.</_>
        <_>
          14 9 3 3 2.</_></rects>
      <tilted>1</tilted></_>
    <_>
      <rects>
        <_>
          14 9 8 8 -1.</_>
        <_>
          14 9 4 4 2.</_>
        <_>
          18 13 4 4 2.</_></rects>
      <tilted>0</tilted></_>
    <_>
      <rects>
        <_>
          14 13 1 2 -1.</_>
        <_>
          14 14 1 1 2.</_></rects>
      <tilted>0</tilted></_>
    <_>
      <rects>
        <_>
          14 13 2 2 -1.</_>
        <_>
          14 14 2 1 2.</_></rects>
      <tilted>0</tilted></_>
    <_>
      <rects>
        <_>
          14 14 1 2 -1.</_>
        <_>
          14 15 1 1 2.</_></rects>
      <tilted>0</tilted></_>
    <_>
      <rects>
        <_>
          14 14 2 4 -1.</_>
        <_>
          14 16 2 2 2.</_></rects>
      <tilted>0</tilted></_>
    <_>
      <rects>
        <_>
          15 6 5 8 -1.</_>
        <_>
          13 8 5 4 2.</_></rects>
      <tilted>1</tilted></_>
    <_>
      <rects>
        <_>
          15 9 6 6 -1.</_>
        <_>
          15 9 6 3 2.</_></rects>
      <tilted>1</tilted></_>
    <_>
      <rects>
        <_>
          15 12 1 2 -1.</_>
        <_>
          15 13 1 1 2.</_></rects>
      <tilted>0</tilted></_>
    <_>
      <rects>
        <_>
          15 12 8 1 -1.</_>
        <_>
          19 12 4 1 2.</_></rects>
      <tilted>0</tilted></_>
    <_>
      <rects>
        <_>
          15 13 1 2 -1.</_>
        <_>
          15 14 1 1 2.</_></rects>
      <tilted>0</tilted></_>
    <_>
      <rects>
        <_>
          15 14 1 2 -1.</_>
        <_>
          15 15 1 1 2.</_></rects>
      <tilted>0</tilted></_>
    <_>
      <rects>
        <_>
          15 14 8 1 -1.</_>
        <_>
          19 14 4 1 2.</_></rects>
      <tilted>0</tilted></_>
    <_>
      <rects>
        <_>
          16 7 4 8 -1.</_>
        <_>
          16 7 4 4 2.</_></rects>
      <tilted>1</tilted></_>
    <_>
      <rects>
        <_>
          16 8 5 6 -1.</_>
        <_>
          16 8 5 3 2.</_></rects>
      <tilted>1</tilted></_>
    <_>
      <rects>
        <_>
          17 6 2 9 -1.</_>
        <_>
          14 9 2 3 3.</_></rects>
      <tilted>1</tilted></_>
    <_>
      <rects>
        <_>
          17 8 2 6 -1.</_>
        <_>
          18 8 1 6 2.</_></rects>
      <tilted>0</tilted></_>
    <_>
      <rects>
        <_>
          17 12 6 1 -1.</_>
        <_>
          20 12 3 1 2.</_></rects>
      <tilted>0</tilted></_>
    <_>
      <rects>
        <_>
          18 6 6 12 -1.</_>
        <_>
          20 10 2 4 9.</_></rects>
      <tilted>0</tilted></_>
    <_>
      <rects>
        <_>
          18 8 6 6 -1.</_>
        <_>
          18 8 3 6 2.</_></rects>
      <tilted>1</tilted></_>
    <_>
      <rects>
        <_>
          19 12 3 1 -1.</_>
        <_>
          20 13 1 1 3.</_></rects>
      <tilted>1</tilted></_>
    <_>
      <rects>
        <_>
          19 14 3 3 -1.</_>
        <_>
          20 15 1 3 3.</_></rects>
      <tilted>1</tilted></_>
    <_>
      <rects>
        <_>
          20 2 1 16 -1.</_>
        <_>
          20 6 1 8 2.</_></rects>
      <tilted>0</tilted></_>
    <_>
      <rects>
        <_>
          20 12 4 4 -1.</_>
        <_>
          21 13 2 4 2.</_></rects>
      <tilted>1</tilted></_>
    <_>
      <rects>
        <_>
          20 12 3 6 -1.</_>
        <_>
          21 13 1 6 3.</_></rects>
      <tilted>1</tilted></_>
    <_>
      <rects>
        <_>
          21 10 3 10 -1.</_>
        <_>
          22 11 1 10 3.</_></rects>
      <tilted>1</tilted></_>
    <_>
      <rects>
        <_>
          21 13 2 3 -1.</_>
        <_>
          21 13 1 3 2.</_></rects>
      <tilted>1</tilted></_></features></cascade>
</opencv_storage>
