<?xml version="1.0"?>
<opencv_storage>
<myhaar type_id="opencv-haar-classifier">
  <size>
    24 24</size>
  <stages>
    <_>
      <trees>
        <_>
          <_>
            <feature>
              <rects>
                <_>
                  10 3 3 10 -1.</_>
                <_>
                  10 3 3 5 2.</_></rects>
              <tilted>1</tilted></feature>
            <threshold>-0.0581144392490387</threshold>
            <left_val>0.9142857789993286</left_val>
            <right_val>-1.0000009536743164</right_val></_></_></trees>
      <stage_threshold>0.9142857789993286</stage_threshold>
      <parent>-1</parent>
      <next>-1</next></_>
    <_>
      <trees>
        <_>
          <_>
            <feature>
              <rects>
                <_>
                  0 0 16 10 -1.</_>
                <_>
                  0 0 8 5 2.</_>
                <_>
                  8 5 8 5 2.</_></rects>
              <tilted>0</tilted></feature>
            <threshold>-0.0693634375929832</threshold>
            <left_val>0.8873239755630493</left_val>
            <right_val>-1.</right_val></_></_></trees>
      <stage_threshold>0.8873239755630493</stage_threshold>
      <parent>0</parent>
      <next>-1</next></_>
    <_>
      <trees>
        <_>
          <_>
            <feature>
              <rects>
                <_>
                  1 3 12 20 -1.</_>
                <_>
                  1 13 12 10 2.</_></rects>
              <tilted>0</tilted></feature>
            <threshold>-0.0449703782796860</threshold>
            <left_val>0.8356164097785950</left_val>
            <right_val>-1.</right_val></_></_></trees>
      <stage_threshold>0.8356164097785950</stage_threshold>
      <parent>1</parent>
      <next>-1</next></_>
    <_>
      <trees>
        <_>
          <_>
            <feature>
              <rects>
                <_>
                  1 2 6 15 -1.</_>
                <_>
                  1 7 6 5 3.</_></rects>
              <tilted>0</tilted></feature>
            <threshold>0.0560292191803455</threshold>
            <left_val>0.7179486751556397</left_val>
            <right_val>-1.</right_val></_></_></trees>
      <stage_threshold>0.7179486751556397</stage_threshold>
      <parent>2</parent>
      <next>-1</next></_>
    <_>
      <trees>
        <_>
          <_>
            <feature>
              <rects>
                <_>
                  12 1 12 1 -1.</_>
                <_>
                  12 1 6 1 2.</_></rects>
              <tilted>1</tilted></feature>
            <threshold>-8.4352763369679451e-003</threshold>
            <left_val>0.7179487943649292</left_val>
            <right_val>-1.</right_val></_></_></trees>
      <stage_threshold>0.7179487943649292</stage_threshold>
      <parent>3</parent>
      <next>-1</next></_>
    <_>
      <trees>
        <_>
          <_>
            <feature>
              <rects>
                <_>
                  3 5 2 8 -1.</_>
                <_>
                  3 7 2 4 2.</_></rects>
              <tilted>0</tilted></feature>
            <threshold>1.0822199983522296e-003</threshold>
            <left_val>-1.</left_val>
            <right_val>0.6543207764625549</right_val></_></_></trees>
      <stage_threshold>0.6543207764625549</stage_threshold>
      <parent>4</parent>
      <next>-1</next></_>
    <_>
      <trees>
        <_>
          <_>
            <feature>
              <rects>
                <_>
                  3 7 16 3 -1.</_>
                <_>
                  7 7 8 3 2.</_></rects>
              <tilted>0</tilted></feature>
            <threshold>-0.0420539006590843</threshold>
            <left_val>-1.</left_val>
            <right_val>0.6341460943222046</right_val></_></_></trees>
      <stage_threshold>0.6341460943222046</stage_threshold>
      <parent>5</parent>
      <next>-1</next></_></stages></myhaar>
</opencv_storage>
