<?xml version="1.0"?>
<opencv_storage>
<myhaar type_id="opencv-haar-classifier">
  <size>
    24 24</size>
  <stages>
    <_>
      <trees>
        <_>
          <_>
            <feature>
              <rects>
                <_>
                  4 0 6 16 -1.</_>
                <_>
                  4 4 6 8 2.</_></rects>
              <tilted>0</tilted></feature>
            <threshold>0.0654215067625046</threshold>
            <left_val>-1.</left_val>
            <right_val>0.9642854928970337</right_val></_></_></trees>
      <stage_threshold>0.9642854928970337</stage_threshold>
      <parent>-1</parent>
      <next>-1</next></_>
    <_>
      <trees>
        <_>
          <_>
            <feature>
              <rects>
                <_>
                  0 9 18 7 -1.</_>
                <_>
                  9 9 9 7 2.</_></rects>
              <tilted>0</tilted></feature>
            <threshold>-0.0812604427337646</threshold>
            <left_val>0.7647061944007874</left_val>
            <right_val>-1.0000009536743164</right_val></_></_></trees>
      <stage_threshold>0.7647061944007874</stage_threshold>
      <parent>0</parent>
      <next>-1</next></_>
    <_>
      <trees>
        <_>
          <_>
            <feature>
              <rects>
                <_>
                  7 4 10 20 -1.</_>
                <_>
                  7 4 5 10 2.</_>
                <_>
                  12 14 5 10 2.</_></rects>
              <tilted>0</tilted></feature>
            <threshold>0.0812268927693367</threshold>
            <left_val>-1.</left_val>
            <right_val>0.6666669249534607</right_val></_></_></trees>
      <stage_threshold>0.6666669249534607</stage_threshold>
      <parent>1</parent>
      <next>-1</next></_>
    <_>
      <trees>
        <_>
          <_>
            <feature>
              <rects>
                <_>
                  0 8 23 16 -1.</_>
                <_>
                  0 12 23 8 2.</_></rects>
              <tilted>0</tilted></feature>
            <threshold>-0.1430642008781433</threshold>
            <left_val>0.5403426289558411</left_val>
            <right_val>-0.8804787993431091</right_val></_></_>
        <_>
          <_>
            <feature>
              <rects>
                <_>
                  11 7 3 3 -1.</_>
                <_>
                  11 8 3 1 3.</_></rects>
              <tilted>0</tilted></feature>
            <threshold>-8.2995771663263440e-005</threshold>
            <left_val>0.3839859962463379</left_val>
            <right_val>-0.8127626776695252</right_val></_></_>
        <_>
          <_>
            <feature>
              <rects>
                <_>
                  2 1 18 2 -1.</_>
                <_>
                  2 1 9 1 2.</_>
                <_>
                  11 2 9 1 2.</_></rects>
              <tilted>0</tilted></feature>
            <threshold>-8.1294495612382889e-003</threshold>
            <left_val>0.6728935241699219</left_val>
            <right_val>-0.7631366252899170</right_val></_></_></trees>
      <stage_threshold>0.1611918956041336</stage_threshold>
      <parent>2</parent>
      <next>-1</next></_>
    <_>
      <trees>
        <_>
          <_>
            <feature>
              <rects>
                <_>
                  8 7 5 4 -1.</_>
                <_>
                  7 8 5 2 2.</_></rects>
              <tilted>1</tilted></feature>
            <threshold>-6.7342207767069340e-003</threshold>
            <left_val>0.9672132134437561</left_val>
            <right_val>-0.5673078894615173</right_val></_></_>
        <_>
          <_>
            <feature>
              <rects>
                <_>
                  16 13 8 2 -1.</_>
                <_>
                  16 13 4 2 2.</_></rects>
              <tilted>0</tilted></feature>
            <threshold>-1.0484569938853383e-003</threshold>
            <left_val>0.4498043060302734</left_val>
            <right_val>-0.9999889731407166</right_val></_></_></trees>
      <stage_threshold>-0.1175035983324051</stage_threshold>
      <parent>3</parent>
      <next>-1</next></_>
    <_>
      <trees>
        <_>
          <_>
            <feature>
              <rects>
                <_>
                  4 12 8 3 -1.</_>
                <_>
                  6 12 4 3 2.</_></rects>
              <tilted>0</tilted></feature>
            <threshold>-2.7867059689015150e-003</threshold>
            <left_val>0.4964374005794525</left_val>
            <right_val>-0.8744779229164124</right_val></_></_>
        <_>
          <_>
            <feature>
              <rects>
                <_>
                  4 7 16 3 -1.</_>
                <_>
                  4 8 16 1 3.</_></rects>
              <tilted>0</tilted></feature>
            <threshold>-1.9651469774544239e-003</threshold>
            <left_val>0.5364453196525574</left_val>
            <right_val>-0.7664101123809815</right_val></_></_>
        <_>
          <_>
            <feature>
              <rects>
                <_>
                  0 10 24 3 -1.</_>
                <_>
                  8 11 8 1 9.</_></rects>
              <tilted>0</tilted></feature>
            <threshold>-0.1126824021339417</threshold>
            <left_val>0.7175673246383667</left_val>
            <right_val>-0.6509305834770203</right_val></_></_></trees>
      <stage_threshold>0.3795346915721893</stage_threshold>
      <parent>4</parent>
      <next>-1</next></_>
    <_>
      <trees>
        <_>
          <_>
            <feature>
              <rects>
                <_>
                  4 7 15 2 -1.</_>
                <_>
                  4 8 15 1 2.</_></rects>
              <tilted>0</tilted></feature>
            <threshold>-2.2290160413831472e-003</threshold>
            <left_val>-1.</left_val>
            <right_val>0.6019418835639954</right_val></_></_></trees>
      <stage_threshold>0.6019418835639954</stage_threshold>
      <parent>5</parent>
      <next>-1</next></_></stages></myhaar>
</opencv_storage>
